Time (h),CSF mean concentration (mmol/l),PAR mean concentration (mmol/l),PVS art. mean concentration (mmol/l),PVS vein mean concentration (mmol/l),PVS cont. mean concentration (mmol/l)
0.0,0.0,0.0,0.0,0.0,0.0
0.03333333333333333,0.0015407355586280422,2.288463743438917e-06,2.51477348580783e-13,5.355255842979396e-13,7.613426274584428e-35
0.06666666666666667,0.004620925582514569,8.608080610973088e-06,5.134536510908873e-12,8.660711557215868e-12,1.618068894872432e-33
0.1,0.009239527534151958,2.0377105236061176e-05,5.332289164799049e-11,7.152147780710593e-11,1.7740010020877487e-32
0.13333333333333333,0.015395654109977291,3.880266236540436e-05,3.7583115072076583e-10,4.026552830765262e-10,1.3396716702551897e-31
0.16666666666666666,0.023088525277417015,6.494593638389323e-05,2.0238108660663693e-09,1.7407361453762667e-09,7.8413667250634e-31
0.2,0.03231743839050074,9.976260522469768e-05,8.886376483370776e-09,6.171161540711781e-09,3.791027534147561e-30
0.23333333333333334,0.04308174850772496,0.0001441290435144819,3.315994228936469e-08,1.8708164224478267e-08,1.5739414197217777e-29
0.26666666666666666,0.055380854646769895,0.0001988597901082006,1.082128719554442e-07,4.9933065925853306e-08,5.757158775826618e-29
0.3,0.06921418927692535,0.00026471948000334687,3.154010973688624e-07,1.1988890131621662e-07,1.8886068468235349e-28
0.3333333333333333,0.08458120909316098,0.0003424312446620397,8.344028744736419e-07,2.6325968096925556e-07,5.628822729456702e-28
0.36666666666666664,0.10148138550952283,0.0004326828851042856,2.0293813555805177e-06,5.356665484022961e-07,1.5393146934716846e-27
0.4,0.11991419357377585,0.0005361316733675116,4.584861415532641e-06,1.0207564978930714e-06,3.8929574093577234e-27
0.43333333333333335,0.1398790982577926,0.0006534083327666506,9.704769683708724e-06,1.8376884591743873e-06,9.163777860353169e-27
0.4666666666666667,0.1613755373811504,0.0007851205350603763,1.938511488924084e-05,3.1486495341909904e-06,2.0186858408327922e-26
0.5,0.18440290079955482,0.0009318561057763228,3.676530881899636e-05,5.166141946832541e-06,4.18093111186607e-26
0.5333333333333333,0.2089605059194634,0.0010941860300348492,6.655577194842912e-05,8.159930443766777e-06,8.173517672394637e-26
0.5666666666666667,0.2350475700449099,0.0012726672873655954,0.00011553131645068295,1.2463688276571183e-05,1.5133494421400211e-25
0.6,0.2626631804675317,0.0014678455053533468,0.00019307212806277677,1.848149319912481e-05,2.6612026508146345e-25
0.6333333333333333,0.29180626352519734,0.0016802574010948905,0.0003117281409131465,2.6694382368849927e-05,4.454361146714436e-25
0.6666666666666666,0.3224755540417546,0.0019104329711468076,0.00048777902562776096,3.7667170201636534e-05,7.107932424537085e-25
0.7,0.3546695666056564,0.0021588973912856605,0.0007417612234650453,5.205567197132226e-05,1.0821915968380558e-24
0.7333333333333333,0.38838657005577387,0.0024261725944395318,0.0010989353208426017,7.061437327022541e-05,1.5718090136506249e-24
0.7666666666666667,0.4236245663431775,0.0027127785065998744,0.001589671071250295,9.420446187505381e-05,2.1745799651057177e-24
0.8,0.4603812746630785,0.0030192339346222213,0.002249732835116038,0.00012380201637287046,2.8554843021145457e-24
0.8333333333333334,0.49865412143765303,0.003346057114930409,0.0031204543799851553,0.00016050604553943603,3.5338066848227165e-24
0.8666666666666667,0.5384402364108307,0.003693765946709233,0.004248798201389994,0.0002055460095118339,4.065197747750462e-24
0.9,0.5797364548183047,0.0040628779459081985,0.005687300279264479,0.0002602884369885087,4.223036913210101e-24
0.9333333333333333,0.6225393253340643,0.004453909966316739,0.007493906139840664,0.00032624228322970724,3.6813211814675594e-24
0.9666666666666667,0.6668451232824166,0.004867377740521578,0.00973170807164242,0.00040506274586926753,2.0020325553496735e-24
1.0,0.7126498684424254,0.005303795296578619,0.012468596293493056,0.0004985533586945429,-1.369388514322989e-24
1.0333333333333334,0.7568678755445218,0.005759097378417787,0.015776838823405227,0.000608666302901975,-7.09627610311337e-24
1.0666666666666667,0.7994972832696766,0.006230307253465966,0.019732605826318327,0.0007375009901727973,-1.5926106759245425e-23
1.1,0.8405355705117251,0.006715093395232608,0.02441545440680626,0.000887301051630888,-2.8644282321134033e-23
1.1333333333333333,0.8799797509546955,0.0072115423057693435,0.02990778919177347,0.0010604498758494932,-4.6001745454853976e-23
1.1666666666666667,0.9178264973941863,0.007718027671421974,0.036294312537094975,0.0012594647598060458,-6.861230819585295e-23
1.2,0.9540722296456513,0.008233129156850268,0.043661475561321494,0.0014869895974936537,-9.681637886513716e-23
1.2333333333333334,0.9887131811697121,0.008755579804566533,0.05209693713299673,0.0017457859113174752,-1.3050891347454285e-22
1.2666666666666666,1.0217454524309597,0.009284231059952042,0.061689032179991984,0.0020387220262440505,-1.6893085853766328e-22
1.3,1.0531650559829446,0.009818029026373565,0.07252624338801225,0.002368760348231431,-2.104250281943786e-22
1.3333333333333333,1.0829679569033486,0.01035599794239374,0.08469666227438656,0.0027389430082729203,-2.521591779286379e-22
1.3666666666666667,1.1111501115166262,0.01089722826901144,0.09828741819957873,0.003152376471455331,-2.8982088611602367e-22
1.4,1.137707506914834,0.011440867669996732,0.1133840489680921,0.003612215964418007,-3.17290604479257e-22
1.4333333333333333,1.1626362033630413,0.0119861137772519,0.130069786031806,0.004121650655813207,-3.2630075465961126e-22
1.4666666666666666,1.1859323811411002,0.012532208056921358,0.14842473201356302,0.004683890409682416,-3.0608990117790387e-22
1.5,1.2075923926791692,0.013078430385402665,0.1685249182712306,0.005302154661457435,-2.430617103539301e-22
1.5333333333333334,1.2276128200241052,0.01362409414211519,0.19044124426638817,0.005979663618908045,-1.2045853311614889e-22
1.5666666666666667,1.2459905368100461,0.014168541753665238,0.21423831639865198,0.0067196316510843455,8.194100238443768e-23
1.6,1.2627227731087107,0.014711140701310552,0.23997321913512382,0.007525262466142282,3.880920065986028e-22
1.6333333333333333,1.2778071809083578,0.015251280045196559,0.26769426333914087,0.008399745535401442,8.259140392099153e-22
1.6666666666666667,1.291241897591203,0.015788367535061135,0.2974397640227559,0.009346253208597876,1.4274773925483642e-21
1.7,1.303025604673717,0.016321827375198526,0.3292369016064775,0.010367938071732372,2.2291417649842417e-21
1.7333333333333334,1.313157579239605,0.016851098696564457,0.3631007174032856,0.011467930293384908,3.271646040174231e-21
1.7666666666666666,1.3216377358727918,0.01737563476501196,0.3990332864134303,0.01264933494596485,4.600149570040929e-21
1.8,1.3284666574281787,0.01789490292524776,0.43702309999354433,0.013915229529590711,6.264226681383538e-21
1.8333333333333333,1.333645613587637,0.018408385248799192,0.47704467901026315,0.01526866212636415,8.31781699132914e-21
1.8666666666666667,1.337176566765351,0.01891557982395057,0.5190584260124955,0.016712650739683352,1.0819134481297932e-20
1.9,1.3390621655113075,0.0194160025991679,0.5630107137653024,0.01825018440877909,1.3830538150420324e-20
1.9333333333333333,1.339305726069025,0.019909189670884706,0.6088341978476413,0.019884226629879084,1.7418366501696206e-20
1.9666666666666666,1.3379112031576268,0.02039469989289256,0.656448333277957,0.02161772147325066,2.1652737201333045e-20
2.0,1.3348831513647739,0.020872117678376313,0.7057600694017626,0.02345360258126962,2.6607312118914356e-20
2.033333333333333,1.3317674143070357,0.021343344330235863,0.7566646934953315,0.02539480499445523,3.2359026751910526e-20
2.066666666666667,1.3285683199501632,0.021809766612935422,0.8090467915525686,0.027444279511835822,3.898778192506295e-20
2.1,1.3252908790294349,0.022272480736102822,0.8627812943329287,0.029605009083601953,4.657609479845378e-20
2.1333333333333333,1.3219406423360935,0.0227324080431473,0.917734577767753,0.03188002659048762,5.520870577156481e-20
2.1666666666666665,1.3185235923685772,0.023190362247118044,0.9737655891146454,0.034272433304232255,6.497213796160465e-20
2.2,1.3150460535275734,0.0236470915138633,1.0307269737476579,0.036785417336905615,7.595420664774892e-20
2.2333333333333334,1.3115146142451028,0.024103305874693542,1.088466182159406,0.03942227143366304,8.824347743778945e-20
2.2666666666666666,1.3079360578397516,0.02455969543667332,1.1468265425699922,0.042186409492224484,1.0192867389456905e-19
2.3,1.3043173002269033,0.025016942577155282,1.2056482912482553,0.04508138117058331,1.1709803785443013e-19
2.3333333333333335,1.300665333135306,0.025475730124595936,1.2647695597176478,0.04811088387885887,1.3383864851554085e-19
2.3666666666666667,1.2969871716590902,0.025936746837166985,1.3240273245856677,0.05127877138416466,1.522357093587652e-19
2.4,1.29328980504531,0.026400691048788515,1.3832583307674298,0.054589058242749254,1.7237181484614565e-19
2.433333333333333,1.2895801496983426,0.02686827305211703,1.4423000014103404,0.058045919349642566,1.9432621137292705e-19
2.466666666666667,1.285865003545077,0.027340216579094714,1.5009913472824923,0.06165368406884408,2.1817406889566583e-19
2.5,1.2821510011688428,0.027817259595099335,1.55917388476902,0.06541682465251572,2.439857808285668e-19
2.533333333333333,1.2784445694658653,0.02830015452531779,1.616692565561529,0.06933993893347762,2.7182631006050536e-19
2.566666666666667,1.274751883973408,0.028789667969068355,1.6733967137528107,0.07342772753667876,3.017545982396482e-19
2.6,1.2710788263927062,0.029286579920052236,1.7291409586976596,0.07768496606658257,3.338230538277303e-19
2.6333333333333333,1.2674309441375708,0.029791682490500102,1.7837861459119613,0.08211647286691794,3.6807713194961737e-19
2.6666666666666665,1.2638134129378102,0.030305778129935047,1.8372002043474234,0.0867270730108773,4.0455501593299595e-19
2.7,1.2602310035911262,0.030829677331295907,1.889258947014456,0.09152155916994735,4.4328740687484815e-19
2.7333333333333334,1.256688053901451,0.031364195825644585,1.9398467830708164,0.09650464994436894,4.842974238374877e-19
2.7666666666666666,1.2531884466752723,0.03191015127997504,1.9888573227188457,0.1016809461397618,5.2760061361792955e-19
2.8,1.2497355944120123,0.032468359528444304,2.036193860919253,0.10705488536657112,5.732050656763091e-19
2.8333333333333335,1.2463324310469173,0.03303963038427493,2.0817697313328574,0.11263069524414444,6.211116249359785e-19
2.8666666666666667,1.2429814108207706,0.03362476309569295,2.125508527421269,0.11841234542659106,6.713141929105381e-19
2.9,1.2396845140835595,0.03422454152313536,2.167344192779352,0.1244034986435769,7.238001060446356e-19
2.933333333333333,1.2364432596034536,0.0348397291257732,2.2072209872173008,0.1306074609685261,7.785505792922327e-19
2.966666666666667,1.2332587227628025,0.035471063851987214,2.2450933386845606,0.1370271315845104,8.355412027624575e-19
3.0,1.2301315588781918,0.03611925303100216,2.2809255937750272,0.1436649524047801,8.947424796586016e-19
3.033333333333333,1.2270620307835283,0.03678496836128643,2.3146916812979317,0.15052285800666532,9.561203946040223e-19
3.066666666666667,1.224050039764101,0.03746884108623674,2.3463747043157723,0.15760222644077093,1.0196370026485098e-18
3.1,1.2210951589148027,0.03817145743950999,2.375966476229581,0.16490383156899382,1.0852510306258227e-18
3.1333333333333333,1.2181966680210663,0.038893354432116126,2.403467016044587,0.17242779765465097,1.1529184839333544e-18
3.1666666666666665,1.215353589111403,0.039635016041827814,2.4288840169818653,0.18017355696963516,1.2225932530871287e-18
3.2,1.2125647219090634,0.04039686985318148,2.4522323012283236,0.18813981119322257,1.2942277154539906e-18
3.2333333333333334,1.2098286785048675,0.041179284184083335,2.4735332719481793,0.1963244973556878,1.3677733282979773e-18
3.2666666666666666,1.2071439166800264,0.04198256572349448,2.4928143718309252,0.20472475902903875,1.4431812096618935e-18
3.3,1.2045087714200309,0.04280695769376459,2.510108555524001,0.21333692339176805,1.5204027036450358e-18
3.3333333333333335,1.201921484274837,0.04365263854168383,2.5254537813980384,0.2221564846991142,1.599389926382696e-18
3.3666666666666667,1.1993802303270618,0.04451972115397707,2.538892526302816,0.23117809458071523,1.6800962885661034e-18
3.4,1.1968831426295758,0.04540825258593473,2.550471325363007,0.24039555946887903,1.762476989770206e-18
3.433333333333333,1.1944283340629973,0.046318214286154416,2.560240337486624,0.24980184533765534,1.846489479299134e-18
3.466666666666667,1.1920139166342005,0.04724952279566945,2.5682529361450666,0.25938908980998304,1.9320938778303736e-18
3.5,1.1896380182984165,0.048202030896063085,2.574565324146246,0.26914862157068065,2.0192533539378683e-18
3.533333333333333,1.1872987974307554,0.04917552917835369,2.579236170550809,0.27907098691020366,2.1079344496751007e-18
3.566666666666667,1.1849944551049625,0.05016974800218932,2.582326267560043,0.2891459831197765,2.198107349842842e-18
3.6,1.18272324535382,0.05118435981315438,2.5838982050981225,0.2993626983651872,2.2897460903588796e-18
3.6333333333333333,1.18048348359539,0.0522189817847745,2.5840160608844642,0.30970955758467317,2.3828287022610396e-18
3.6666666666666665,1.1782735534082749,0.05327317875070279,2.582745104001161,0.3201743738872667,2.4773372892532235e-18
3.7,1.1760919118316275,0.054346466391851915,2.580151510268443,0.33074440487206597,2.573258038268155e-18
3.7333333333333334,1.1739370933553912,0.05543831464267737,2.5763020881029597,0.3414064132453514,2.670581164177413e-18
3.7666666666666666,1.17180771275036,0.05654815128039894,2.5712640139232232,0.35214673108211564,2.769300791432311e-18
3.8,1.1697024668739955,0.05767536566085706,2.565104576547781,0.3629513270591085,2.869414776975119e-18
3.8333333333333335,1.1676201355697717,0.05881931256467541,2.5578909303894206,0.37380587597879567,2.970924480137569e-18
3.8666666666666667,1.1655595817655233,0.059979316117790726,2.549689857560436,0.38469582990450796,3.073834486377066e-18
3.9,1.1635197508600932,0.06115467375095755,2.5405675392647438,0.39560649023745836,3.1781522925457465e-18
3.933333333333333,1.1614996694772326,0.06234466016379486,2.5305893370536525,0.4065230800830667,3.2838879619192563e-18
3.966666666666667,1.1594984436550742,0.06354853126011316,2.5198195846644174,0.41743081627774675,3.391053757427494e-18
4.0,1.1575152565321698,0.06476552802290346,2.5083213912432543,0.42831498047527505,3.499663761443629e-18
4.033333333333333,1.1555493655839573,0.06599488029933953,2.4961564567881314,0.43916098872486065,3.609733490130551e-18
4.066666666666666,1.153600099459943,0.06723581046821585,2.4833849006292694,0.44995445900879916,3.721279509756844e-18
4.1,1.1516668544689808,0.06848753696501692,2.470065103711644,0.4606812762465702,3.834319061626024e-18
4.133333333333334,1.149749090756329,0.06974927764251558,2.456253565356397,0.4713276543134972,3.948869701364609e-18
4.166666666666667,1.147846328218025,0.07102025294776054,2.4420047750670006,0.4818801946653793,4.064948957337973e-18
4.2,1.1459581421941027,0.07229968889956233,2.427371099815884,0.49232594120556467,4.18257401195561e-18
4.233333333333333,1.1440841589845077,0.07358681985385364,2.412402687107484,0.5026524310773579,4.301761408631989e-18
4.266666666666667,1.1422240512300095,0.07488089104749594,2.39714738396635,0.5128477411127125,4.422526786220924e-18
4.3,1.140377533199678,0.07618116091439497,2.3816506718510655,0.522900529716741,4.544884641868187e-18
4.333333333333333,1.1385443560267834,0.07748690317084464,2.3659556173495626,0.5328000740170943,4.668848122449193e-18
4.366666666666666,1.136724302933523,0.07879740867012135,2.3501028383717517,0.5425363021572988,4.794428844088185e-18
4.4,1.1349171844834265,0.08011198702880666,2.3341304854240246,0.5520998206623957,4.921636738699136e-18
4.433333333333334,1.1331228338983064,0.0814299680302219,2.3180742374289482,0.5614819368545273,5.050479926046277e-18
4.466666666666667,1.131341102475299,0.08275070281205439,2.3019673114440296,0.5706746763438234,5.180964609490087e-18
4.5,1.1295718551362381,0.08407356484758098,2.28584048553525,0.579670795665612,5.313094993354859e-18
4.533333333333333,1.1278149661391033,0.08539795073118063,2.269722133977352,0.5884637901789432,5.446873219716539e-18
4.566666666666666,1.1260703149774922,0.08672328078010785,2.253638273882074,0.5970478973814279,5.582299322353124e-18
4.6,1.1243377824936085,0.08804899946557473,2.237612622296036,0.605418095832578,5.719371195612045e-18
4.633333333333334,1.122617247222212,0.08937457568641997,2.2216666627683077,0.6135700999108065,5.8580845760178596e-18
4.666666666666667,1.1209085819848563,0.09069950289953084,2.205819720353348,0.6215003506571619,5.998433034556974e-18
4.7,1.1192116507474585,0.09202329912059837,2.190089043998718,0.6292060029832555,6.1404079777237444e-18
4.733333333333333,1.1175263057514389,0.09334550680914779,2.1744898952585676,0.6366849095388379,6.283998655583495e-18
4.766666666666667,1.1158523849273494,0.09466569265105108,2.159035642279218,0.643935601548816,6.429192175294676e-18
4.8,1.1141897095952438,0.09598344725148251,2.1437378580196795,0.6509572669379013,6.575973518726482e-18
4.833333333333333,1.1125380824552418,0.09729838475025991,2.128606421693912,0.657749726065238,6.724325563003473e-18
4.866666666666666,1.1108972858678337,0.09861014237109689,2.113649622458015,0.6643134053907102,6.8742291029999164e-18
4.9,1.1092670804231797,0.09991837991514642,2.098874264407418,0.6706493093900848,7.025662874989128e-18
4.933333333333334,1.107647203795257,0.10122277920846444,2.0842857719999404,0.6767589910274304,7.178603580823963e-18
4.966666666666667,1.1060373698757184,0.1025230435121191,2.0698882950766975,0.6826445210816393,7.333025912181073e-18
5.0,1.1044372681814012,0.10381889690260185,2.0556848127147065,0.6883084566092936,7.488902574542092e-18
5.033333333333333,1.1028465635274414,0.10511008362944034,2.0416772352103174,0.6937538088091094,7.646204310708333e-18
5.066666666666666,1.1012648959560054,0.1063963674560044,2.027866503561547,0.6989840105352146,7.804899923751343e-18
5.1,1.0996918809128255,0.10767753098864356,2.014252685887858,0.70400288368605,7.964956299390158e-18
5.133333333333334,1.0981271096583045,0.108953374998527,2.0008350702980073,0.7088146066758203,8.126338427857273e-18
5.166666666666667,1.0965701499031113,0.11022371773993732,1.9876122537874847,0.7134236821743924,8.28900942537055e-18
5.2,1.0950205466549388,0.11148839426800207,1.9745822268189286,0.7178349052811266,8.452930555368274e-18
5.233333333333333,1.0934778232636442,0.11274725575841656,1.9617424533072798,0.7220533322778105,8.618061249691008e-18
5.266666666666667,1.091941482651446,0.11400016883112601,1.9490899457982651,0.726084250086689,8.78435912990812e-18
5.3,1.09041100871261,0.11524701487955963,1.9366213356929909,0.7299331465411751,8.951780028990611e-18
5.333333333333333,1.0888858678693631,0.11648768940656558,1.924332938431032,0.7336056815595815,9.12027801352706e-18
5.366666666666666,1.0873655107676168,0.11772210136806249,1.9122208136003165,0.737107659296492,9.289805406667317e-18
5.4,1.0858493740973543,0.11895017252501643,1.9002808199941599,0.7404450013318707,9.460312811961676e-18
5.433333333333334,1.0843368825213593,0.12017183680423085,1.8885086656815662,0.7436237209449139,9.631749138242039e-18
5.466666666666667,1.0828274506962583,0.12138703966829127,1.8768999532001995,0.7466498985079683,9.804061625668771e-18
5.5,1.0813204853691627,0.12259573749501049,1.8654502200167848,0.7495296580257967,9.977195873043086e-18
5.533333333333333,1.0798153875332854,0.12379789696635485,1.8541549744327288,0.7522691448362595,1.0151095866461392e-17
5.566666666666666,1.078311554626563,0.12499349446728801,1.8430097271389014,0.7548745044809889,1.0325704009366113e-17
5.6,1.0768083827556172,0.12618251549438092,1.8320100186457462,0.7573518627477455,1.0500961154028158e-17
5.633333333333334,1.0753052689299412,0.12736495407461157,1.821151442832276,0.7597073068809894,1.0676806634479293e-17
5.666666666666667,1.0738016132896793,0.12854081219438968,1.8104296668704645,0.7619468679522341,1.0853178300899791e-17
5.7,1.0722968213119206,0.12971009923907906,1.7998404477901035,0.7640765043780315,1.1030012555457196e-17
5.733333333333333,1.07079030597959,0.13087283144333117,1.7893796459541749,0.7661020865701563,1.1207244389586344e-17
5.766666666666667,1.0692814899002654,0.13202903135251526,1.7790432357161412,0.7680293827002252,1.1384807422699133e-17
5.8,1.0677698073591568,0.13317872729566524,1.7688273135287356,0.7698640455586907,1.1562633942313965e-17
5.833333333333333,1.0662547062956502,0.13432195287029364,1.7587281037690576,0.7716116004864004,1.174065494560005e-17
5.866666666666666,1.0647356501898684,0.13545874643972614,1.7487419625374683,0.7732774343558765,1.1918800182339276e-17
5.9,1.063212119849909,0.13658915064320024,1.7388653796788551,0.7748667855778766,1.2096998199318792e-17
5.933333333333334,1.0616836150883164,0.13771321191952682,1.7290949792630788,0.7763847351083101,1.2275176386179117e-17
5.966666666666667,1.0601496562813892,0.13883098004474492,1.7194275187497494,0.7778361984294295,1.2453261022756003e-17
6.0,1.0586097858015293,0.13994250768430713,1.7098598870476542,0.7792259184787237,1.2631177327967801e-17
6.033333333333333,1.0570635693182953,0.14104784996048983,1.700389101665599,0.7805584594981816,1.2808849510314073e-17
6.066666666666666,1.0555105969623244,0.1421470640355367,1.691012305135533,0.7818382017761023,1.2986200820064247e-17
6.1,1.0539504843480707,0.14324020871100268,1.6817267608740247,0.7830693372529101,1.3163153603227189e-17
6.133333333333334,1.0523828734531908,0.14432734404406142,1.6725298486320588,0.7842558659619967,1.3339629357403039e-17
6.166666666666667,1.0508074333532644,0.14540853098085868,1.6634190596678498,0.7854015932760232,1.3515548789627123e-17
6.2,1.0492238608109243,0.14648383100784768,1.6543919917625818,0.7865101279284255,1.369083187632131e-17
6.233333333333333,1.0476318807207046,0.14755330582103424,1.6454463441835991,0.7875848807795098,1.3865397925471663e-17
6.266666666666667,1.0460312464112846,0.14861701701384702,1.6365799126862324,0.7886290642959896,1.4039165641151103e-17
6.3,1.0444217398076807,0.14967502578356026,1.6277905846311083,0.7896456927118899,1.421205319050251e-17
6.333333333333333,1.0428031714575183,0.15072739265676477,1.6190763342818753,0.7906375828390603,1.438397827329166e-17
6.366666666666666,1.0411753804253807,0.15177417723377934,1.6104352183358617,0.7916073554940288,1.455485819412891e-17
6.4,1.0395382340607509,0.1528154379523033,1.6018653717295583,0.7925574375085864,1.4724609937446126e-17
6.433333333333334,1.037891627645465,0.15385123186998914,1.5933650037501523,0.7934900642901596,1.4893150245298283e-17
6.466666666666667,1.036235483926998,0.15488161446610807,1.58493239447576,0.7944072828985853,1.506039569804035e-17
6.5,1.0345697525447595,0.15590663946208874,1.576565891558184,0.7953109556049422,1.522626279790728e-17
6.533333333333333,1.0328944093561812,0.15692635866049992,1.5682639073547608,0.7962027638984608,1.5390668055500456e-17
6.566666666666666,1.0312094556712776,0.1579408218024292,1.5600249164093831,0.7970842129072045,1.555352807915631e-17
6.6,1.0295149174023495,0.15895007644273793,1.5518474532768964,0.7979566361983346,1.571475966714416e-17
6.633333333333334,1.0278108441381666,0.15995416784274974,1.5437301106801502,0.7988212009238503,1.5874279902608908e-17
6.666666666666667,1.0260973081493818,0.16095313887994522,1.5356715379848722,0.7996789132779347,1.6032006251142826e-17
6.7,1.024374403335072,0.1619470299740573,1.5276704399739256,0.8005306242323382,1.618785666083703e-17
6.733333333333333,1.0226422441164453,0.16293587902894915,1.519725575899916,0.801377035516718,1.6341749664630454e-17
6.766666666666667,1.0209009642877993,0.1639197213897452,1.5118357587923907,0.8022187058111089,1.649360448474014e-17
6.8,1.0191507158307767,0.1648985898143218,1.503999854994874,0.8030560571189013,1.6643341138923852e-17
6.833333333333333,1.017391667700965,0.1658725144586887,1.4962167839051266,0.8038893812884932,1.6790880548293242e-17
6.866666666666666,1.015624004593247,0.16684152287536436,1.4884855178917409,0.8047188466537173,1.6936144646364585e-17
6.9,1.0138479256933721,0.1678056400239486,1.4808050823596328,0.8055445047628286,1.7079056489004035e-17
6.933333333333334,1.012063643422374,0.16876488829326544,1.473174555937023,0.806366297168026,1.7219540364896032e-17
6.966666666666667,1.0102713821805371,0.16971928753418355,1.4655930707569937,0.8071840622474109,1.7357521906137726e-17
7.0,1.0084713770963718,0.17066885510233368,1.458059812806909,0.8079975420332873,1.7492928198537957e-17
7.033333333333333,1.0066638727866801,0.17161360590992653,1.4505740223202328,0.8088063890213437,1.7625687891178887e-17
7.066666666666666,1.004849122132896,0.17255355248591916,1.4431349941860576,0.8096101729369375,1.7755731304779745e-17
7.1,1.00302738507809,0.1734887050437158,1.435742078352849,0.8104083874354048,1.7882990538387197e-17
7.133333333333334,1.0011989274497415,0.17441907155570704,1.428394680204091,0.8112004567154328,1.8007399573905326e-17
7.166666666666667,0.9993640198114618,0.1753446578337054,1.4210922608854373,0.8119857420252449,1.8128894377969285e-17
7.2,0.9975229363480841,0.1762654676149056,1.413834337563582,0.8127635480430041,1.824741300066279e-17
7.233333333333333,0.995675953786233,0.17718150265220958,1.4066204835994645,0.8135331291145252,1.8362895670577903e-17
7.266666666666667,0.9938233503545567,0.17809276280878056,1.399450328619522,0.81429369533226,1.84752848857184e-17
7.3,0.9919654047843735,0.17899924615551052,1.3923235584705174,0.8150444184413956,1.8584525499754794e-17
7.333333333333333,0.9901023953542148,0.17990094907152715,1.3852399150449237,0.8157844375602962,1.8690564803148893e-17
7.366666666666666,0.9882345989788495,0.18079786634653294,1.3781991959657627,0.816512864703811,1.8793352598680207e-17
7.4,0.9863622903448737,0.1816899912847976,1.37120125412113,0.817228790099249,1.8892841270923883e-17
7.433333333333334,0.9844857410932144,0.18257731581007838,1.3642459970403586,0.8179312872867859,1.8988985849251393e-17
7.466666666666667,0.9826052190496638,0.18345983057113924,1.3573333861054675,0.8186194179966381,1.9081744063950204e-17
7.5,0.9807209875040475,0.18433752504723916,1.3504634355929073,0.819292236797313,1.9171076395086373e-17
7.533333333333333,0.9788333045372394,0.18521038765342465,1.343636211542184,0.8199487955101675,1.925694611376616e-17
7.566666666666666,0.9769424223972138,0.18607840584493887,1.3368518304494412,0.8205881473869073,1.9339319315486672e-17
7.6,0.9750485869227211,0.18694156622058383,1.3301104577855383,0.8212093510476488,1.94181649453031e-17
7.633333333333334,0.9731520370146243,0.18779985462472545,1.3234123063393535,0.8218114741786884,1.949345481457997e-17
7.666666666666667,0.971253004154159,0.18865325624757773,1.3167576343885425,0.822393596989715,1.956516360913585e-17
7.7,0.9693517119671047,0.18950175572351802,1.3101467437011345,0.8229548154315348,1.9633268888635492e-17
7.733333333333333,0.9674483758328124,0.19034533722717253,1.3035799773725552,0.823494244176383,1.9697751077128996e-17
7.766666666666667,0.9655432025371357,0.19118398456724361,1.297057717503821,0.8240110193634591,1.9758593444685506e-17
7.8,0.9636363899679166,0.19201768127760652,1.2905803827275957,0.8245043011135192,1.9815782080116863e-17
7.833333333333333,0.96172812685145,0.19284641070577058,1.2841484255900104,0.8249732758168766,1.9869305854836635e-17
7.866666666666666,0.9598185925291277,0.19367015609851054,1.2777623297967504,0.825417158200029,1.9919156377949233e-17
7.9,0.957907956772028,0.19448890068449248,1.2714226073331385,0.8258351931765543,1.9965327942714047e-17
7.933333333333334,0.9559963796322566,0.19530262775381402,1.2651297954682974,0.8262266574887136,2.0007817464578733e-17
7.966666666666667,0.9540840113297638,0.19611132073448792,1.258884453654567,0.826590861146515,2.004662441102531e-17
8.0,0.952170992172257,0.19691496326574462,1.2526871603335756,0.8269271486716047,2.0081750723519985e-17
8.033333333333333,0.950257452507398,0.19771353926801116,1.2465385096613186,0.8272349001534302,2.011320073190508e-17
8.066666666666666,0.9483435127053762,0.19850703300983116,1.2404391081646728,0.8275135321257867,2.0140981061615533e-17
8.1,0.9464292831701707,0.1992954291713031,1.2343895713422883,0.8277624982719131,2.0165100534146317e-17
8.133333333333333,0.9445148643774921,0.20007871290447118,1.2283905202233447,0.8279812899663995,2.0185570061236613e-17
8.166666666666666,0.9426003469391608,0.20085686989030838,1.2224425778973596,0.8281694366625886,2.0202402533275413e-17
8.2,0.9406858116909157,0.2016298863925928,1.216546366028815,0.8283265061339165,2.0215612702467573e-17
8.233333333333333,0.9387713298026296,0.2023977493083474,1.2107025013703387,0.8284521045780413,2.0225217061331204e-17
8.266666666666667,0.9368569629102643,0.20316044621548457,1.2049115922878602,0.8285458765921072,2.023123371712536e-17
8.3,0.934942763266572,0.2039179654168497,1.1991742353115427,0.8286075050280461,2.0233682262831638e-17
8.333333333333334,0.9330287739109371,0.2046702959816008,1.1934910117258095,0.8286367107360438,2.0232583645333536e-17
8.366666666666667,0.9311150288554525,0.20541742778315286,1.1878624842114425,0.8286332522048986,2.022796003145393e-17
8.4,0.9292015532868209,0.20615935153441237,1.1822891935529376,0.8285969251071194,2.0219834672523378e-17
8.433333333333334,0.927288363783051,0.20689605881992065,1.1767716554232424,0.8285275617568729,2.020823176815943e-17
8.466666666666667,0.9253754685427961,0.20762754212509776,1.1713103572582089,0.8284250304887196,2.0193176329940723e-17
8.5,0.923462867627238,0.20835379486271313,1.1659057552321377,0.8282892349642828,2.0174694045658546e-17
8.533333333333333,0.9215505532128532,0.2090748113965753,1.160558271345594,0.8281201134143445,2.015281114482283e-17
8.566666666666666,0.9196385098541936,0.20979058706240675,1.1552682906357414,0.8279176378233761,2.0127554266089774e-17
8.6,0.9177267147559766,0.21050111818625375,1.1500361585191343,0.8276818130628701,2.0098950327263526e-17
8.633333333333333,0.9158151380528394,0.21120640210015232,1.144862178276121,0.8274126759800372,2.006702639850615e-17
8.666666666666666,0.9139037430968546,0.2119064371553139,1.1397466086851433,0.8271102944478715,2.0031809579366817e-17
8.7,0.911992486751211,0.21260122273290957,1.1346896618147364,0.8267747663821046,1.9993326880214806e-17
8.733333333333333,0.910081319689648,0.21329075925240276,1.1296915009800577,0.8264062187305165,1.9951605108629774e-17
8.766666666666667,0.9081701867008232,0.21397504817759758,1.1247522388702276,0.8260048064396427,1.9906670761269418e-17
8.8,0.9062590269969067,0.2146540920204091,1.1198719358516198,0.8255707114034243,1.9858549921696443e-17
8.833333333333334,0.9043477745255092,0.21532789434247435,1.1150505984518164,0.8251041413982618,1.9807268164606895e-17
8.866666666666667,0.9024363582847713,0.21599645975456477,1.1102881780278442,0.8246053290084562,1.9752850466858674e-17
8.9,0.9005247026407586,0.21665979391411827,1.1055845696216753,0.824074530545741,1.9695321125653568e-17
8.933333333333334,0.8986127276463173,0.217317903520571,1.100939611004948,0.8235120249662684,1.9634703684178702e-17
8.966666666666667,0.8967003493612219,0.2179707963089744,1.0963530819143832,0.8229181127883215,1.9571020864964315e-17
9.0,0.8947874801730913,0.21861848104164341,1.0918247034782265,0.8222931150132444,1.950429451116423e-17
9.033333333333333,0.8928740291179156,0.21926096749810217,1.0873541378335634,0.8216373720525239,1.9434545535914206e-17
9.066666666666666,0.8909599022008802,0.21989826646331656,1.082940987933418,0.8209512426630219,1.9361793879871643e-17
9.1,0.8890450027156062,0.2205303897143003,1.0785847975417633,0.8202351028925327,1.9286058476988148e-17
9.133333333333333,0.8871292315624976,0.2211573500051414,1.0742850514142928,0.8194893450374269,1.9207357228514758e-17
9.166666666666666,0.885212487565109,0.22177916105064846,1.0700411756613035,0.8187143766141379,1.9125706985188937e-17
9.2,0.8832946677840473,0.22239583750846847,1.0658525382893955,0.8179106193456199,1.9041123537502083e-17
9.233333333333333,0.8813756678283954,0.22300739495998018,1.0617184499171977,0.8170785081642925,1.8953621613898155e-17
9.266666666666667,0.8794553821640675,0.22361384988987307,1.0576381646603217,0.8162184902324343,1.8863214886706774e-17
9.3,0.8775337044180662,0.22421521966465338,1.0536108811799423,0.8153310239808089,1.8769915985569496e-17
9.333333333333334,0.8756105276793011,0.22481152250983227,1.0496357438888948,0.8144165781666288,1.8673736518075528e-17
9.366666666666667,0.8736857447945324,0.2254027774863987,1.0457118443090103,0.8134756309511696,1.8574687097283262e-17
9.4,0.8717592486597212,0.22598900446611728,1.0418382225724745,0.8125086689978697,1.847277737576688e-17
9.433333333333334,0.8698309325060367,0.22657022410606387,1.038013869060137,0.8115161865912468,1.836801608579365e-17
9.466666666666667,0.8679006901800741,0.22714645782235218,1.0342377261689883,0.8104986847770402,1.8260411085206966e-17
9.5,0.865968416418254,0.22771772776313606,1.030508690200966,0.809456670524006,1.8149969408562746e-17
9.533333333333333,0.8640340071144822,0.2282840567810651,1.0268256133648375,0.8083906559075227,1.803669732304404e-17
9.566666666666666,0.8620973595811343,0.22884546840504477,1.023187305882733,0.8073011573152692,1.7920600388658074e-17
9.6,0.8601583728026814,0.2294019868117048,1.0195925381928406,0.806188694675188,1.7801683522204858e-17
9.633333333333333,0.8582169476820343,0.2299536367962607,1.0160400432395427,0.8050537907059112,1.767995106449374e-17
9.666666666666666,0.8562729872784505,0.23050044374323578,1.0125285188420263,0.8038969701897044,1.7555406850276483e-17
9.7,0.8543263970373611,0.23104243359687132,1.0090566301327737,0.8027187592681488,1.742805428036072e-17
9.733333333333333,0.8523770850119486,0.231579632831268,1.005623012056917,0.8015196847605542,1.7297896395367043e-17
9.766666666666667,0.850424962075088,0.23211206842062432,1.0022262719236108,0.8003002735053392,1.7164935950596025e-17
9.8,0.8484699421221202,0.23263976780925508,0.9988649920006419,0.7990610517243343,1.7029175491478328e-17
9.833333333333334,0.8465119422651649,0.2331627588816816,0.9955377321436767,0.7978025444101728,1.6890617429090752e-17
9.866666666666667,0.8445508830157705,0.23368106993304116,0.9922430324513658,0.7965252747368347,1.6749264115234668e-17
9.9,0.8425866884590939,0.2341947296392523,0.9889794159380428,0.7952297634934145,1.6605117916589763e-17
9.933333333333334,0.8406192864169421,0.23470376702779416,0.9857453912156658,0.7939165285411574,1.645818128747545e-17
9.966666666666667,0.838648608600749,0.23520821144861387,0.9825394551770029,0.7925860842939008,1.630845684077431e-17
10.0,0.8366745907533596,0.2357080925454233,0.9793600956721432,0.791238941221921,1.615594741659648e-17
10.033333333333333,0.8346971727804867,0.23620344022727874,0.9762057941708696,0.7898756053792771,1.6000656148291063e-17
10.066666666666666,0.8327162988711316,0.23669428464085004,0.9730750284034911,0.7884965779546294,1.5842586525438604e-17
10.1,0.8307319176066369,0.23718065614296843,0.9699662749731178,0.7871023548456519,1.568174245349023e-17
10.133333333333333,0.8287439820587411,0.23766258527391293,0.9668780119327035,0.7856934262569721,1.551812830974965e-17
10.166666666666666,0.8267524498765403,0.2381401027311456,0.9638087213204202,0.7842702763216707,1.535174899542839e-17
10.2,0.8247572833622088,0.23861323934382875,0.9607568916472896,0.7828333827462397,1.518260998353771e-17
10.233333333333333,0.8227584495354402,0.23908202604785359,0.9577210203312949,0.7813832164790587,1.5010717362415725e-17
10.266666666666667,0.8207559201867354,0.23954649386179439,0.9546996160727413,0.7799202414021785,1.4836077874722805e-17
10.3,0.8187496719195664,0.24000667386339017,0.9516912011655808,0.7784449140463714,1.465869895177304e-17
10.333333333333334,0.816739686181761,0.24046259716699908,0.9486943137403463,0.7769576833291971,1.4478588743105154e-17
10.366666666666667,0.8147259492856874,0.2409142949016292,0.9457075099340625,0.7754589903160589,1.4295756141229426e-17
10.4,0.812708452417979,0.2413617981900125,0.9427293659835401,0.7739492680037893,1.411021080152189e-17
10.433333333333334,0.8106871916386658,0.24180513812841192,0.9397584802381416,0.7724289411266808,1.3921963157269102e-17
10.466666666666667,0.8086621678698602,0.24224434576724674,0.9367934750891045,0.7708984259846055,1.3731024429899218e-17
10.5,0.8066333868745552,0.24267945209261232,0.9338329988124547,0.7693581302927386,1.3537406634464924e-17
10.533333333333333,0.8046008592253678,0.2431104880087535,0.930875727322944,0.7678084530526768,1.3341122580473149e-17
10.566666666666666,0.8025646002639932,0.24353748432133257,0.9279203658370829,0.7662497844443085,1.3142185868183968e-17
10.6,0.8005246300511405,0.24396047172155474,0.9249656504433943,0.7646825057382121,1.2940610880526693e-17
10.633333333333333,0.7984809733079387,0.24437948077128044,0.9220103495783389,0.7631069892276293,1.2736412770804836e-17
10.666666666666666,0.7964336593482348,0.24479454188894315,0.9190532654069993,0.76152359817995,1.2529607446383938e-17
10.7,0.794382722003318,0.2452056853363988,0.9160932351076118,0.7599326868066407,1.2320211548575833e-17
10.733333333333333,0.7923281995382729,0.24561294120659577,0.9131291320595195,0.7583346002513338,1.2108242428950585e-17
10.766666666666667,0.7902701345611806,0.2460163394120532,0.9101598669343107,0.7567296745950335,1.1893718122323352e-17
10.8,0.7882085739255622,0.24641590967442017,0.907184388690384,0.7551182368780534,1.1676657316676471e-17
10.833333333333334,0.7861435686255501,0.2468116815145202,0.9042016854710991,0.7535006051377396,1.1457079320288649e-17
10.866666666666667,0.7840751736855853,0.2472036842435283,0.9012107854075275,0.7518770884611707,1.123500402635192e-17
10.9,0.7820034480439143,0.247591946954771,0.8982107573262444,0.7502479870522837,1.1010451875364264e-17
10.933333333333334,0.7799284544310768,0.24797649851632964,0.8952007113637421,0.7486135923122275,1.0783443815590198e-17
10.966666666666667,0.7778502592435106,0.24835736756441634,0.8921797994884897,0.7469741869324616,1.0554001261884973e-17
11.0,0.7757689324125402,0.2487345824975213,0.8891472159324264,0.7453300449995583,1.0322146053177994e-17
11.033333333333333,0.7736845472697059,0.2491081714711821,0.8861021975335436,0.7436814321108796,1.0087900408910426e-17
11.066666666666666,0.7715971804084609,0.2494781623934972,0.8830440239914825,0.7420286055003144,9.851286884718671e-18
11.1,0.7695069115428117,0.2498445829213224,0.8799720180383618,0.7403718141731991,9.612328327650575e-18
11.133333333333333,0.7674138233634296,0.25020746045696096,0.8768855455270004,0.7387112990494562,9.371047831194607e-18
11.166666666666666,0.7653180013913304,0.2505668221456285,0.8737840154388966,0.7370472931143367,9.127468690394577e-18
11.2,0.7632195338301124,0.25092269487334734,0.8706668798146513,0.7353800215757395,8.88161435731267e-18
11.233333333333333,0.7611185114166567,0.2512751052655125,0.8675336336092414,0.7337097020272366,8.633508397092895e-18
11.266666666666667,0.7590150272709133,0.25162407968578565,0.8643838144751221,0.7320365446162708,8.383174444865177e-18
11.3,0.7569091767450977,0.2519696442356596,0.861217002475671,0.7303607522164436,8.13063616371735e-18
11.333333333333334,0.7548010572728829,0.2523118247544093,0.8580328197321464,0.7286825206033194,7.875917203948297e-18
11.366666666666667,0.7526907682185248,0.25265064681935795,0.8548309300068894,0.7270020386329367,7.619041163800509e-18
11.4,0.7505784107267671,0.2529861357467419,0.8516110382258585,0.7253194884223825,7.360031551855665e-18
11.433333333333334,0.74846408757354,0.2533183165927414,0.8483728899434759,0.7236350455316743,7.09891175126011e-18
11.466666666666667,0.746347903017845,0.25364721415497116,0.8451162707528821,0.7219488791464408,6.835704985931188e-18
11.5,0.7442299626551953,0.2539728529741734,0.8418410056445785,0.7202611522606917,6.570434288878915e-18
11.533333333333333,0.7421103732727938,0.2542952573364027,0.8385469583165965,0.7185720218591564,6.3031224727598986e-18
11.566666666666666,0.7399892427068367,0.2546144512750599,0.835234030439209,0.7168816390987137,6.033792102764767e-18
11.6,0.7378666797021961,0.2549304585736249,0.8319021608772691,0.7151901494883598,5.7624654719221884e-18
11.633333333333333,0.7357427937743805,0.2552433027682667,0.8285513248731602,0.7134976930672969,5.48916457888717e-18
11.666666666666666,0.7336176950746676,0.25555300715067375,0.8251815331933603,0.7118044045808486,5.2139111082637225e-18
11.7,0.7314914942579587,0.25585959477115644,0.8217928312416092,0.7101104136535626,4.936726413497184e-18
11.733333333333333,0.7293643023537625,0.2561630884417609,0.8183852981415637,0.7084158449595305,4.657631502354559e-18
11.766666666666667,0.7272362306405891,0.2564635107395383,0.8149590457917969,0.7067208183894423,4.376647024996991e-18
11.8,0.7251073905238942,0.25676088400985364,0.8115142178960019,0.7050254492140187,4.093793264633925e-18
11.833333333333334,0.7229778934172593,0.25705523036980515,0.8080509889710783,0.7033298482440321,3.809090130733707e-18
11.866666666666667,0.7208478506278688,0.2573465717117187,0.804569563335836,0.7016341219861921,3.522557154753354e-18
11.9,0.7187173732450416,0.2576349297065291,0.8010701740829199,0.6999383727952742,3.2342134883369966e-18
11.933333333333334,0.7165865720333534,0.2579203258073386,0.7975530820365002,0.6982426990220497,2.9440779039207026e-18
11.966666666666667,0.7144555573292433,0.2582027812528493,0.7940185746981537,0.6965471951570821,2.6521687976713983e-18
12.0,0.7123244389417943,0.25848231707085945,0.7904669651834253,0.6948519519703974,2.358504194676429e-18
12.033333333333333,0.7101933260575389,0.2587589540817023,0.7868985911512469,0.6931570566468851,2.063101756292175e-18
12.066666666666666,0.7080623271492735,0.25903271290157653,0.7833138137285411,0.6914625929175581,1.765978789551049e-18
12.1,0.7059315498889648,0.2593036139459098,0.7797130164320966,0.6897686411867383,1.4671522585197794e-18
12.133333333333333,0.7038011010647302,0.25957167743270715,0.7760966040897799,0.6880752786550619,1.166638797494199e-18
12.166666666666666,0.7016710865019041,0.25983692338555636,0.772465001763104,0.6863825794385754,8.644547259115351e-19
12.2,0.6995416109881331,0.2600993716369403,0.768818653672901,0.6846906146839183,5.60616064855333e-19
12.233333333333333,0.6974127782022755,0.2603590418311654,0.7651580221300641,0.6829994526797879,2.551385550251102e-19
12.266666666666667,0.6952846906475828,0.26061595342727356,0.7614835864729228,0.6813091589646845,-5.1962323960512754e-20
12.3,0.6931574495886387,0.2608701257020049,0.7577958420129661,0.6796197964312272,-3.6067133306034585e-19
12.333333333333334,0.691031154991957,0.26112157775236966,0.7540952989903968,0.677931425427135,-6.709734522417413e-19
12.366666666666667,0.6889059054707206,0.26137032849842157,0.7503824815409783,0.6762441038529693,-9.828538579812092e-19
12.4,0.6867817982330018,0.26161639668569187,0.7466579266755391,0.6745578872568796,-1.296297899969503e-18
12.433333333333334,0.6846589290337131,0.2618598008876745,0.7429221832734404,0.6728728289265375,-1.6112910771556825e-18
12.466666666666667,0.6825373921299314,0.2621005595081223,0.7391758110911322,0.6711889799783077,-1.9278190132622647e-18
12.5,0.6804172802400422,0.26233869078320227,0.7354193797869999,0.6695063894439625,-2.2458674319021865e-18
12.533333333333333,0.6782986845058989,0.26257421278365495,0.7316534679635022,0.6678251043550428,-2.5654221314253653e-18
12.566666666666666,0.6761816944585431,0.2628071434167915,0.7278786622275452,0.6661451698249664,-2.88646895961883e-18
12.6,0.6740663979869675,0.2630375004283153,0.7240955562700017,0.6644666291291897,-3.2089937883814993e-18
12.633333333333333,0.6719528813100136,0.263265301404192,0.7203047499651983,0.6627895237834691,-3.532982488489728e-18
12.666666666666666,0.6698412289513117,0.2634905637723005,0.7165068484910495,0.6611138936203698,-3.858420904565523e-18
12.7,0.6677315237170256,0.2637133048039695,0.7127024614705983,0.6594397768641881,-4.185294830354166e-18
12.733333333333333,0.6656238466765843,0.26393354161556315,0.7088922021354704,0.6577672102044613,-4.513589984412625e-18
12.766666666666667,0.6635182771458845,0.2641512911699234,0.7050766865118836,0.6560962288680718,-4.843291986304798e-18
12.8,0.6614148926732729,0.2643665702775962,0.7012565326295342,0.6544268666901878,-5.17438633339366e-18
12.833333333333334,0.6593137690280554,0.26457939559812055,0.6974323597539925,0.6527591561840277,-5.506858378314226e-18
12.866666666666667,0.6572149801910581,0.264789783641265,0.6936047876426786,0.6510931286096222,-5.840693307205799e-18
12.9,0.6551185983481348,0.2649977507680659,0.6897744358249894,0.6494288140415727,-6.1758761187744545e-18
12.933333333333334,0.6530246938853609,0.2652033131919014,0.685941922906595,0.6477662414359716,-6.5123916042521976e-18
12.966666666666667,0.6509333353864338,0.26540648697948055,0.6821078658982633,0.6461054386964595,-6.850224328311121e-18
13.0,0.6488445896324968,0.2656072880517621,0.6782728795691921,0.6444464327395073,-7.189358610985752e-18
13.033333333333333,0.6467585216033699,0.2658057321848456,0.6744375758250748,0.6427892495588886,-7.529778510650079e-18
13.066666666666666,0.6446751944809943,0.2660018350108222,0.6706025631108304,0.6411339142895013,-7.871467808089466e-18
13.1,0.6425946696545121,0.26619561201850545,0.6667684458380597,0.6394804512703944,-8.214409991701816e-18
13.133333333333333,0.6405170067271947,0.2663870785543071,0.6629358238371529,0.637828884107108,-8.558588243856125e-18
13.166666666666666,0.6384422635248282,0.2665762498228708,0.6591052918339966,0.6361792357332877,-8.903985428430684e-18
13.2,0.6363704961055202,0.26676314088782294,0.6552774389510534,0.6345315284715303,-9.250584079547986e-18
13.233333333333333,0.6343017587715251,0.2669477666724841,0.6514528482327913,0.6328857840935156,-9.598366391517093e-18
13.266666666666667,0.6322361040817365,0.2671301419605316,0.6476320961951735,0.6312420238792033,-9.947314209989727e-18
13.3,0.6301735828660184,0.2673102813965899,0.6438157523989754,0.6296002686753482,-1.0297409024330958e-17
13.333333333333334,0.6281142442406901,0.2674881994870439,0.6400043790467406,0.6279605389530014,-1.0648631961200592e-17
13.366666666666667,0.6260581356250878,0.267663910600583,0.6361985306029849,0.6263228548640919,-1.1000963779336869e-17
13.4,0.6240053027593756,0.2678374289688403,0.6323987534374486,0.6246872362970248,-1.1354384865529172e-17
13.433333333333334,0.6219557897234239,0.26800876868712215,0.6286055854909007,0.6230537029311343,-1.170887523176396e-17
13.466666666666667,0.6199096389566897,0.268177943715097,0.6248195559633054,0.6214222742900697,-1.2064414513522467e-17
13.5,0.6178668912792512,0.26834496787734924,0.6210411850238002,0.6197929697939041,-1.2420981969206545e-17
13.533333333333333,0.6158275859132608,0.26850985486422174,0.6172709835422041,0.6181658088099801,-1.277855648066527e-17
13.566666666666666,0.6137917605059945,0.2686726182324489,0.6135094528415148,0.6165408107023426,-1.3137116554792198e-17
13.6,0.6117594511531982,0.2688332714058791,0.6097570844710213,0.6149179948798016,-1.3496640326160302e-17
13.633333333333333,0.6097306924233605,0.26899182767626684,0.6060143599995919,0.6132973808423381,-1.3857105560659514e-17
13.666666666666666,0.6077055173827922,0.26914830020406255,0.6022817508285064,0.6116789882260281,-1.4218489660099355e-17
13.7,0.6056839576214688,0.26930270201914863,0.598559718023578,0.6100628368461967,-1.4580769667737498e-17
13.733333333333333,0.6036660432792921,0.26945504602171716,0.594848712165837,0.6084489467388571,-1.4943922274693586e-17
13.766666666666667,0.6016518030732841,0.2696053449830853,0.5911491732204076,0.6068373382002404,-1.5307923827206067e-17
13.8,0.5996412643250278,0.2697536115466908,0.5874615304229786,0.6052280318245157,-1.567275033468898e-17
13.833333333333334,0.5976344529891383,0.2698998582288461,0.5837862021834016,0.6036210485394488,-1.6038377478544102e-17
13.866666666666667,0.5956313936816765,0.2700440974197647,0.5801235960057644,0.602016409639998,-1.6404780621684767e-17
13.9,0.5936321097096237,0.270186341384605,0.5764741084245827,0.6004141368199073,-1.6771934818724992e-17
13.933333333333334,0.591636623100407,0.27032660226439287,0.572838124956341,0.5988142522010071,-1.7139814826789656e-17
13.966666666666667,0.5896449546320551,0.27046489207702495,0.5692160200660238,0.5972167783603519,-1.7508395116899513e-17
14.0,0.5876571238636549,0.2706012227184505,0.5656081571479326,0.5956217383551232,-1.7877649885886588e-17
14.033333333333333,0.5856731491662843,0.27073560596374907,0.5620148885203701,0.5940291557451696,-1.8247553068794505e-17
14.066666666666666,0.5836930477542523,0.2708680534681672,0.5584365554335067,0.5924390546131654,-1.861807835171955e-17
14.1,0.5817168357165593,0.27099857676842126,0.5548734880899816,0.5908514595824971,-1.8989199185049077e-17
14.133333333333333,0.5797445280487804,0.2711271872838007,0.551326005677614,0.589266395832696,-1.9360888797053725e-17
14.166666666666666,0.5777761386851525,0.27125389631745045,0.5477944164136878,0.5876838891123509,-1.9733120207791803e-17
14.2,0.5758116805309057,0.2713787150575446,0.5442790176003387,0.5861039657497724,-2.0105866243284634e-17
14.233333333333333,0.5738511654948095,0.2715016545786753,0.5407800956903586,0.5845266526610393,-2.0479099549923056e-17
14.266666666666667,0.5718946045219131,0.2716227258430202,0.5372979263629979,0.5829519773557051,-2.085279260906596e-17
14.3,0.5699420076263623,0.27174193970185573,0.5338327746091998,0.5813799679400606,-2.1226917751793966e-17
14.333333333333334,0.5679933839245712,0.27185930689674004,0.5303848948257427,0.5798106531178985,-2.1601447173781534e-17
14.366666666666667,0.56604874166822,0.2719748380609831,0.5269545309177197,0.578244062188981,-2.1976352950253266e-17
14.4,0.564108088277497,0.27208854372107116,0.5235419164089433,0.576680225045039,-2.2351607050990726e-17
14.433333333333334,0.5621714303744689,0.2722004342979837,0.5201472745597147,0.5751191721634425,-2.27271813553583e-17
14.466666666666667,0.5602387738162932,0.27231052010871987,0.5167708184914465,0.5735609345986463,-2.3103047667317468e-17
14.5,0.5583101237286403,0.2724188113677385,0.513412751317695,0.5720055439712046,-2.347917773040115e-17
14.533333333333333,0.5563854845388964,0.27252531818838777,0.5100732662811381,0.5704530324546923,-2.3855543242620417e-17
14.566666666666666,0.5544648600095428,0.27263005058448414,0.506752546895972,0.5689034327604655,-2.4232115871278353e-17
14.6,0.5525482532712938,0.272733018471729,0.5034507670953685,0.5673567781201797,-2.46088672676667e-17
14.633333333333333,0.5506356668562505,0.2728342316692095,0.5001680913834355,0.5658131022664619,-2.498576908162249e-17
14.666666666666666,0.5487271027309653,0.27293369990103905,0.4969046749913963,0.5642724394113863,-2.5362792975924145e-17
14.7,0.546822562329127,0.27303143279771447,0.4936606640374222,0.5627348242232738,-2.573991064050693e-17
14.733333333333333,0.5449220465844897,0.27312743989785787,0.49043619568983565,0.5612002918014823,-2.6117093806479694e-17
14.766666666666667,0.5430255559632714,0.2732217306495558,0.48723139833321005,0.5596688776495548,-2.64943142599266e-17
14.8,0.5411330904964526,0.27331431441201365,0.48404639173703123,0.5581406176466631,-2.6871543855478054e-17
14.833333333333334,0.5392446498119396,0.27340520045722083,0.480881287226554,0.5566155480174857,-2.724875452963723e-17
14.866666666666667,0.5373602331662629,0.2734943979712134,0.4777361878554703,0.5550937053006342,-2.762591831384937e-17
14.9,0.5354798394762101,0.2735819160559501,0.474611188580074,0.5535751263156448,-2.800300734730272e-17
14.933333333333334,0.5336034673498966,0.27366776373065993,0.47150637643460874,0.5520598481286976,-2.837999388945074e-17
14.966666666666667,0.5317311151178156,0.2737519499334337,0.4684218307074254,0.5505479080171437,-2.8756850332246875e-17
15.0,0.5298627808632635,0.2738344835228464,0.46535762311777273,0.5490393434328982,-2.913354921208381e-17
15.033333333333333,0.5279984624524888,0.2739153732794879,0.4623138179927581,0.5475341919648984,-2.951006322143085e-17
15.066666666666666,0.5261381575645326,0.27399462790739615,0.4592904724443802,0.5460324913005984,-2.988636522016289e-17
15.1,0.5242818637203611,0.27407225603577784,0.45628763654627336,0.5445342791867119,-3.026242824657742e-17
15.133333333333333,0.5224295783119544,0.2741482662204023,0.453305353509933,0.543039593389231,-3.063822552809432e-17
15.166666666666666,0.5205812986305334,0.27422266694519415,0.45034365986021413,0.5415484716528917,-3.101373049163668e-17
15.2,0.518737021894554,0.274295466623692,0.4474025856098956,0.5400609516601268,-3.138891677368947e-17
15.233333333333333,0.5168967452771199,0.27436667360066014,0.44448215443300565,0.5385770709896017,-3.176375823003531e-17
15.266666666666667,0.5150604659327058,0.2744362961534934,0.4415823838368905,0.5370968670745488,-3.2138228945165773e-17
15.3,0.5132281810237085,0.27450434249373257,0.4387032853326556,0.5356203771608341,-3.2512303241369336e-17
15.333333333333334,0.5113998877459252,0.2745708207686143,0.43584486460395183,0.534147638264986,-3.2885955687495056e-17
15.366666666666667,0.5095755833539024,0.27463573906241695,0.43300712167389416,0.5326786871321935,-3.325916110739391e-17
15.4,0.5077552651853035,0.27469910539799713,0.4301900510699449,0.531213560194496,-3.3631894588039217e-17
15.433333333333334,0.5059389306849729,0.27476092773828015,0.427393641986697,0.5297522935290735,-3.40041314873279e-17
15.466666666666667,0.504126577428058,0.27482121398755466,0.42461787844637705,0.5282949228168992,-3.4375847441564906e-17
15.5,0.5023182031426614,0.2748799719930156,0.4218627394569804,0.5268414833017285,-3.474701837263421e-17
15.533333333333333,0.5005138057318201,0.274937209546155,0.419128199167945,0.5253920097496565,-3.511762049485879e-17
15.566666666666666,0.49871338329463527,0.2749929343841395,0.41641422702327363,0.5239465364090762,-3.5487630321553196e-17
15.6,0.4969169341468493,0.2750471541911019,0.4137207879120056,0.5225050969714364,-3.5857024671272673e-17
15.633333333333333,0.49512445684066236,0.2750998765997143,0.41104784231599995,0.5210677245325985,-3.622578067376236e-17
15.666666666666666,0.4933359501837604,0.2751511091922921,0.4083953464549628,0.5196344515550478,-3.659387577561122e-17
15.7,0.49155141325760593,0.27520085950236844,0.405763252428649,0.5182053098309727,-3.6961287745613935e-17
15.733333333333333,0.4897708454352389,0.27524913501588144,0.4031515083562264,0.5167803304462443,-3.732799467984661e-17
15.766666666666667,0.4879942463977113,0.275295943172453,0.40056005851275095,0.5153595437454436,-3.769397500645932e-17
15.8,0.48622161615044107,0.27534129136682683,0.3979888434627286,0.5139429792979132,-3.805920749019136e-17
15.833333333333334,0.4844529550383108,0.2753851869500465,0.39543780019077973,0.5125306658649555,-3.8423671236613125e-17
15.866666666666667,0.4826882637601834,0.2754276372306614,0.39290686222932264,0.5111226313682362,-3.8787345696099696e-17
15.9,0.4809275433825804,0.2754686494761584,0.3903959597833729,0.5097189028593588,-3.915021066754072e-17
15.933333333333334,0.47917079535245183,0.2755082309140238,0.3879050198523809,0.50831950649078,-3.9512246301791654e-17
15.966666666666667,0.47741802150939144,0.2755463887330844,0.3854339663491592,0.5069244674880176,-3.987343310487069e-17
16.0,0.47566922409675205,0.2755831300845938,0.38298272021589486,0.5055338101232678,-4.0233751940906924e-17
16.033333333333335,0.473924405772151,0.275618462083557,0.38055119953730326,0.5041475576903349,-4.0593184034843477e-17
16.066666666666666,0.47218356961716373,0.2756523918098064,0.37813931965090036,0.5027657324811393,-4.095171097490155e-17
16.1,0.47044671914599,0.2756849263091432,0.37574699325446387,0.5013883557635372,-4.1309314714808867e-17
16.133333333333333,0.4687138583135285,0.27571607259458414,0.3733741305107114,0.5000154477608056,-4.166597757579838e-17
16.166666666666668,0.46698499152262596,0.2757458376474232,0.37102063914921896,0.4986470276324483,-4.202168224838056e-17
16.2,0.46526012363034747,0.27577422841831145,0.36868642456564293,0.4972831134567465,-4.237641179389532e-17
16.233333333333334,0.463539259953621,0.27580125182843007,0.366371389918281,0.4959237222146686,-4.273014964584656e-17
16.266666666666666,0.4618224062739972,0.2758269147705228,0.3640754362220298,0.4945688697755074,-4.308287961102498e-17
16.3,0.46010956884155724,0.27585122410997726,0.3617984624397871,0.49321857088396387,-4.343458587042273e-17
16.333333333333332,0.458400754378103,0.2758741866858165,0.3595403655713658,0.4918728391488629,-4.3785252979944975e-17
16.366666666666667,0.45669597007964174,0.2758958093118539,0.35730104073993185,0.49053168703348266,-4.413486587092174e-17
16.4,0.45499522361785294,0.27591609877760015,0.3550803812760955,0.4891951258473987,-4.448340985042499e-17
16.433333333333334,0.4532985231410346,0.27593506184927546,0.35287827879965283,0.4878631657398943,-4.4830870601394893e-17
16.466666666666665,0.45160587727403734,0.2759527052709029,0.35069462329911405,0.48653581569503423,-4.517723418257884e-17
16.5,0.44991729511778705,0.27596903576510917,0.3485293032089396,0.4852130835281467,-4.552248702828834e-17
16.533333333333335,0.44823278624764534,0.27598406003418535,0.3463822054847532,0.48389497588401387,-4.5866615947976356e-17
16.566666666666666,0.4465523607114727,0.2759977847610332,0.3442532156763852,0.48258149823641366,-4.620960812564041e-17
16.6,0.4448760290265324,0.2760102166100017,0.3421422179989684,0.4812726548892998,-4.655145111905431e-17
16.633333333333333,0.44320380217612065,0.2760213622278334,0.34004909540206923,0.4799684489794287,-4.68921328588327e-17
16.666666666666668,0.44153569160509265,0.276031228244588,0.33797372963693456,0.4786688824803964,-4.7231641647332523e-17
16.7,0.43987170921516333,0.27603982127442644,0.3359160013219167,0.4773739562082001,-4.7569966157394505e-17
16.733333333333334,0.43821186735909984,0.2760471479165431,0.33387579000615325,0.47608366982810313,-4.7907095430928937e-17
16.766666666666666,0.4365561788344845,0.27605321475592426,0.33185297423154325,0.4747980218629835,-4.8243018877349207e-17
16.8,0.4349046568769296,0.2760580283641933,0.32984743159309926,0.47351700970295035,-4.8577726271856946e-17
16.833333333333332,0.4332573151525302,0.2760615953004476,0.32785903879770906,0.47224062961627516,-4.891120775358183e-17
16.866666666666667,0.4316141677497419,0.27606392211195574,0.3258876717214035,0.4709688767616477,-4.9243453823580786e-17
16.9,0.4299752291706647,0.27606501533497196,0.3239332054651385,0.46970174520160873,-4.9574455342698744e-17
16.933333333333334,0.42834051432195547,0.2760648814954568,0.3219955144092029,0.4684392279172294,-4.9904203529296214e-17
16.966666666666665,0.4267100385048485,0.27606352710980825,0.3200744722662401,0.4671813168238759,-5.023268995684547e-17
17.0,0.4250838174050142,0.2760609586855419,0.3181699521330218,0.465928002788189,-5.055990655140057e-17
17.033333333333335,0.42346186708167743,0.2760571827220329,0.31628182654091214,0.4646792756460452,-5.0885845588943395e-17
17.066666666666666,0.42184420395631744,0.2760522057110845,0.31440996750519534,0.4634351242216056,-5.12104996926105e-17
17.1,0.42023084480090006,0.27604603413768397,0.31255424657321035,0.46219553634729355,-5.153386182980319e-17
17.133333333333333,0.41862180672577637,0.2760386744805053,0.3107145348713882,0.46096049888478496,-5.1855925309185367e-17
17.166666666666668,0.4170171071669345,0.2760301332126225,0.30889070315123446,0.459729997746818,-5.217668377757188e-17
17.2,0.4154167638730471,0.2760204168020054,0.3070826218342758,0.4585040179198677,-5.24961312167117e-17
17.233333333333334,0.4138207948920303,0.27600953171219034,0.3052901610560343,0.45728254348765324,-5.2814261939968697e-17
17.266666666666666,0.4122292185573532,0.27599748440264954,0.30351319070903676,0.45606555765536266,-5.313107058890439e-17
17.3,0.41064205347382526,0.27598428132953634,0.30175158048492406,0.4548530427745772,-5.3446552129765486e-17
17.333333333333332,0.4090593185033022,0.27596992894597255,0.3000051999156792,0.45364498036885537,-5.3760701849880334e-17
17.366666666666667,0.4074810327498596,0.2759544337026782,0.29827391841399603,0.4524413511599442,-5.407351535396765e-17
17.4,0.4059072155448451,0.2759378020483426,0.2965576053128234,0.4512421350945308,-5.438498856036096e-17
17.433333333333334,0.40433788643175145,0.2759200404301054,0.29485612990413884,0.45004731137148135,-5.46951176971525e-17
17.466666666666665,0.40277306515058325,0.27590115529395015,0.29316936147691103,0.4488568584696052,-5.500389929826025e-17
17.5,0.40121277162227326,0.27588115308513317,0.2914971693543544,0.44767075417574576,-5.531133019942133e-17
17.533333333333335,0.3996570259328864,0.2758600402484673,0.2898394229304104,0.44648897561335016,-5.561740753411571e-17
17.566666666666666,0.3981058483174611,0.2758378232287534,0.2881959917055826,0.4453114992712508,-5.592212872942352e-17
17.6,0.3965592591439617,0.27581450847110206,0.28656674532200077,0.44413830103279495,-5.622549150181956e-17
17.633333333333333,0.39501727889695126,0.27579010242119134,0.2849515535978764,0.4429693562051759,-5.652749385290878e-17
17.666666666666668,0.39347992816118277,0.27576461152559234,0.28335028656125427,0.4418046395489545,-5.682813406510611e-17
17.7,0.39194722760522,0.2757380422319801,0.28176281448313495,0.44064412530773334,-5.712741069726376e-17
17.733333333333334,0.3904191979647617,0.2757104009894421,0.28018900790993506,0.4394877872378982,-5.74253225802507e-17
17.766666666666666,0.38889586002628806,0.27568169424865596,0.2786287376953291,0.4383355986384565,-5.772186881248622e-17
17.8,0.3873772346102593,0.27565192846204445,0.27708187503147,0.4371875323808491,-5.801704875543232e-17
17.833333333333332,0.3858633425547332,0.2756211100840044,0.2755482914795775,0.43604356093876623,-5.831086202904787e-17
17.866666666666667,0.384354204698649,0.2755892455710502,0.27402785899991766,0.43490365641789136,-5.86033085072078e-17
17.9,0.38284984186543963,0.2755563413819176,0.27252044998118946,0.43376779058551873,-5.889438831309128e-17
17.933333333333334,0.3813502748464627,0.2755224039776499,0.271025937269265,0.43263593490005064,-5.918410181454162e-17
17.966666666666665,0.3798555243847323,0.2754874398217515,0.2695441941953689,0.4315080605403156,-5.947244961940177e-17
18.0,0.37836561115844125,0.2754514553802099,0.2680750946036234,0.4303841384346569,-5.975943257082837e-17
18.033333333333335,0.3768805557650365,0.27541445712149043,0.26661851287798743,0.429264139289783,-6.004505174258774e-17
18.066666666666666,0.3754003787049745,0.2753764515166398,0.26517432396861806,0.4281480336193406,-6.032930843433705e-17
18.1,0.3739251003659014,0.27533744503923757,0.2637424034175891,0.4270357917721659,-6.061220416689384e-17
18.133333333333333,0.37245474100689585,0.27529744416535373,0.2623226273840151,0.42592738396018565,-6.089374067749711e-17
18.166666666666668,0.370989320742924,0.27525645537357235,0.2609148726685656,0.4248227802859811,-6.117391991506279e-17
18.2,0.36952885952941317,0.27521448514481467,0.25951901673736405,0.42372195076988933,-6.1452744035437e-17
18.233333333333334,0.3680733771471899,0.2751715399624272,0.2581349377452482,0.4226248653767375,-6.173021539664978e-17
18.266666666666666,0.36662289318742136,0.27512762631187754,0.25676251455843374,0.4215314940421068,-6.200633655417243e-17
18.3,0.36517742703702083,0.27508275068079063,0.255401626776524,0.42044180669806813,-6.228111025618106e-17
18.333333333333332,0.3637369978640917,0.2750369195586951,0.2540521547539059,0.41935577329850593,-6.25545394388295e-17
18.366666666666667,0.36230162460379695,0.27499013943695366,0.252713979620497,0.4182733638438623,-6.282662722153416e-17
18.4,0.3608713259444035,0.2749424168084882,0.25138698330185827,0.4171945484053247,-6.309737690227332e-17
18.433333333333334,0.3594461203136264,0.2748937581676712,0.25007104853863954,0.41611929714851564,-6.336679195290387e-17
18.466666666666665,0.358026025865307,0.27484417001003447,0.24876605890541564,0.41504758035654904,-6.363487601449764e-17
18.5,0.3566110604663561,0.27479365883209017,0.24747189882881485,0.41397936845250194,-6.390163289270004e-17
18.533333333333335,0.35520124168401684,0.27474223113103136,0.24618845360502908,0.41291463202130274,-6.416706655311368e-17
18.566666666666666,0.35379658677350123,0.27468989340448735,0.24491560941663426,0.4118533418309617,-6.443118111670832e-17
18.6,0.35239711266582463,0.27463665215023614,0.2436532533487518,0.4107954688531674,-6.46939808552608e-17
18.633333333333333,0.35100283595615484,0.27458251386592875,0.2424012734045438,0.409740984283261,-6.495547018682598e-17
18.666666666666668,0.3496137728923863,0.274527485048724,0.24115955852002058,0.4086898595595304,-6.521565367124155e-17
18.7,0.34822993936409813,0.274471572194997,0.23992799857817745,0.4076420663818363,-6.547453600566795e-17
18.733333333333334,0.34685135089191327,0.2744147817999345,0.23870648442245518,0.4065975767295627,-6.573212202016658e-17
18.766666666666666,0.3454780226171293,0.2743571203572859,0.23749490786951674,0.40555636287890007,-6.598841667331695e-17
18.8,0.3441099692918518,0.27429859435888077,0.23629316172132697,0.4045183974193965,-6.624342504787516e-17
18.833333333333332,0.34274720526937563,0.27423921029431053,0.23510113977657063,0.4034836532698933,-6.64971523464757e-17
18.866666666666667,0.34138974449501486,0.2741789746504853,0.23391873684138015,0.402452103693669,-6.674960388737739e-17
18.9,0.34003760049730003,0.2741178939112555,0.23274584873936072,0.40142372231296264,-6.700078510025612e-17
18.933333333333334,0.33869078637956335,0.2740559745569858,0.23158237232095585,0.40039848312274745,-6.725070152204478e-17
18.966666666666665,0.3373493148119411,0.2739932230640875,0.23042820547212048,0.3993763605038233,-6.749935879282285e-17
19.0,0.33601319802363244,0.2739296459046653,0.22928324712231138,0.39835732923521294,-6.774676265175604e-17
19.033333333333335,0.33468244779581674,0.27386524954594876,0.2281473972518142,0.39734136450583807,-6.799291893308813e-17
19.066666666666666,0.3333570754546541,0.27380004044991285,0.22702055689837244,0.39632844192551736,-6.823783356218527e-17
19.1,0.3320370918648434,0.27373402507275707,0.22590262816317738,0.3953185375352529,-6.84815125516348e-17
19.133333333333333,0.3307225074236339,0.27366720986451487,0.2247935142161674,0.3943116278168586,-6.872396199739902e-17
19.166666666666668,0.3294133320550904,0.2735996012684153,0.2236931193006729,0.39330768970186186,-6.896518807502501e-17
19.2,0.3281095752047856,0.2735312057205362,0.22260134873742096,0.39230670057974226,-6.920519703591161e-17
19.233333333333334,0.3268112458349407,0.27346202964928007,0.2215181089278691,0.3913086383055261,-6.944399520363391e-17
19.266666666666666,0.3255183524198899,0.27339207947473393,0.22044330735691856,0.3903134812066502,-6.968158897032673e-17
19.3,0.32423090294199164,0.27332136160838755,0.21937685259498485,0.3893212080892424,-6.991798479312706e-17
19.333333333333332,0.3229489048878475,0.27324988245237525,0.21831865429943803,0.3883317982436794,-7.015318919067645e-17
19.366666666666667,0.3216723652449503,0.2731776483991544,0.2172686232154376,0.3873452314495735,-7.038720873968387e-17
19.4,0.32040129049872124,0.27310466583084886,0.2162266711761532,0.3863614879800551,-7.06200500715496e-17
19.433333333333334,0.3191356866298767,0.27303094111878873,0.2151927111023885,0.385380548605507,-7.085171986905041e-17
19.466666666666665,0.3178755591121617,0.27295648062300226,0.21416665700162163,0.3844023945966238,-7.108222486308612e-17
19.5,0.3166209129105511,0.27288129069155675,0.21314842396646233,0.3834270077269287,-7.131157182948888e-17
19.533333333333335,0.3153717524796043,0.2728053776601844,0.2121379281725548,0.3824543702746396,-7.153976758589406e-17
19.566666666666666,0.31412808176242574,0.27272874785164886,0.21113508687592122,0.3814844650240258,-7.1766818988674e-17
19.6,0.3128899041897486,0.2726514075752572,0.21013981840976487,0.3805172752661526,-7.199273292993406e-17
19.633333333333333,0.31165722267954626,0.27257336312623454,0.20915204218074382,0.379552784799099,-7.221751633457158e-17
19.666666666666668,0.31043003963678567,0.2724946207853281,0.20817167866473732,0.37859097792761787,-7.244117615739742e-17
19.7,0.30920835695377535,0.2724151868181755,0.20719864940210228,0.37763183946232415,-7.266371938031988e-17
19.733333333333334,0.30799217601048595,0.2723350674747573,0.20623287699244972,0.37667535471828734,-7.28851530095919e-17
19.766666666666666,0.3067814976755942,0.27225426898894467,0.20527428508894222,0.37572150951321337,-7.310548407311985e-17
19.8,0.3055763223075092,0.27217279757787105,0.20432279839213197,0.3747702901650948,-7.332471961783531e-17
19.833333333333332,0.3043766497558197,0.2720906594415135,0.2033783426433689,0.37382168348940714,-7.354286670712847e-17
19.866666666666667,0.3031824793631286,0.27200786076207867,0.2024408446177511,0.3728756767958625,-7.375993241834369e-17
19.9,0.3019938099670089,0.27192440770349047,0.20151023211669325,0.371932257884715,-7.39759238403362e-17
19.933333333333334,0.3008106399024115,0.2718403064109227,0.20058643396007078,0.37099141504263844,-7.419084807109049e-17
19.966666666666665,0.29963296700420033,0.2717555630102424,0.19966937997800163,0.3700531370382199,-7.440471221539904e-17
20.0,0.29846078861004904,0.2716701836074918,0.19875900100224175,0.3691174131170402,-7.461752338260175e-17
20.033333333333335,0.2972941015635698,0.27158417428841836,0.19785522885723963,0.36818423299639447,-7.482928868438528e-17
20.066666666666666,0.2961329022176936,0.27149754111794044,0.1969579963508513,0.3672535868596282,-7.504001523264177e-17
20.1,0.2949771864382878,0.2714102901396927,0.19606723726474287,0.36632546535015087,-7.524971013738696e-17
20.133333333333333,0.29382694960804073,0.27132242737547924,0.19518288634447264,0.3653998595651064,-7.545838050473613e-17
20.166666666666668,0.2926821866305637,0.2712339588248605,0.19430487928929988,0.3644767610487474,-7.56660334349386e-17
20.2,0.2915428919346103,0.2711448904646076,0.19343315274171172,0.36355616178547134,-7.587267602046916e-17
20.233333333333334,0.2904090594787398,0.27105522824828926,0.19256764427670725,0.36263805419259976,-7.607831534417652e-17
20.266666666666666,0.28928068275593677,0.27096497810575704,0.1917082923908136,0.36172243111290303,-7.628295847748741e-17
20.3,0.28815775479858446,0.27087414594275433,0.1908550364909115,0.3608092858068276,-7.648661247866668e-17
20.333333333333332,0.28704026818355466,0.2707827376403653,0.19000781688282123,0.3598986119445163,-7.668928439113175e-17
20.366666666666667,0.2859282150375513,0.27069075905475054,0.1891665747597153,0.3589904035975949,-7.68909812418213e-17
20.4,0.28482158704247873,0.27059821601647577,0.18833125219034094,0.3580846552307467,-7.709171003961752e-17
20.433333333333334,0.2837203754411855,0.27050511433031926,0.18750179210707524,0.3571813616930881,-7.72914777738206e-17
20.466666666666665,0.28262457104312355,0.2704114597747191,0.18667813829385516,0.35628051820936063,-7.74902914126754e-17
20.5,0.28153416423043476,0.27031725810136054,0.18586023537393698,0.3553821203709849,-7.768815790194943e-17
20.533333333333335,0.2804491449638274,0.2702225150348855,0.18504802879757198,0.35448616412691464,-7.78850841635611e-17
20.566666666666666,0.27936950278895767,0.27012723627238894,0.18424146482955545,0.35359264577437893,-7.808107709425728e-17
20.6,0.27829522684267943,0.27003142748309783,0.18344049053668177,0.3527015619494974,-7.827614356434044e-17
20.633333333333333,0.2772263058594617,0.26993509430799695,0.18264505377514795,0.3518129096177711,-7.847029041644323e-17
20.666666666666668,0.27616272817802134,0.26983824235945947,0.18185510317785722,0.3509266860644738,-7.866352446435055e-17
20.7,0.2751044817478743,0.2697408772208979,0.18107058814170585,0.35004288888499935,-7.885585249186826e-17
20.733333333333334,0.27405155413620164,0.2696430044463633,0.18029145881480943,0.3491615159750439,-7.904728125173729e-17
20.766666666666666,0.2730039325346021,0.2695446295603801,0.17951766608370728,0.3482825655207965,-7.923781746459274e-17
20.8,0.27196160376605305,0.26944575805740056,0.1787491615605687,0.34740603598908587,-7.942746781796696e-17
20.833333333333332,0.2709245542918414,0.2693463954016153,0.1779858975703775,0.3465319261174293,-7.961623896533587e-17
20.866666666666667,0.26989277021874236,0.2692465470267009,0.177227827138145,0.3456602349040952,-7.980413752520762e-17
20.9,0.2688662373059599,0.26914621833544566,0.17647490397612373,0.3447909615981607,-7.999117008025306e-17
20.933333333333334,0.2678449409724471,0.26904541469943194,0.17572708247108407,0.34392410568951076,-8.017734317647652e-17
20.966666666666665,0.2668288663040312,0.2689441414588702,0.17498431767160344,0.34305966689890144,-8.036266332242685e-17
21.0,0.26581799806074824,0.2688424039222287,0.17424656527542434,0.3421976451679889,-8.054713698844745e-17
21.033333333333335,0.2648123206840015,0.2687402073660877,0.17351378161687692,0.34133804064943096,-8.073077060596472e-17
21.066666666666666,0.26381181830397754,0.26863755703482445,0.17278592365436365,0.3404808536969741,-8.091357056681367e-17
21.1,0.2628164747469786,0.2685344581403915,0.17206294895793764,0.3396260848556103,-8.109554322260051e-17
21.133333333333333,0.2618262735427179,0.26843091586208356,0.17134481569696153,0.3387737348518036,-8.127669488410083e-17
21.166666666666668,0.26084119793171734,0.26832693534639374,0.17063148262787017,0.3379238045837284,-8.145703182069298e-17
21.2,0.2598612308726468,0.26822252170671335,0.16992290908203417,0.33707629511161924,-8.16365602598257e-17
21.233333333333334,0.2588863550497118,0.2681176800232337,0.16921905495374986,0.336231207648193,-8.181528638651901e-17
21.266666666666666,0.2579165528800425,0.2680124153426519,0.168519880688326,0.3353885435491268,-8.199321634289786e-17
21.3,0.2569518065209337,0.26790673267814474,0.16782534727033374,0.33454830430366916,-8.21703562277576e-17
21.333333333333332,0.2559920978772728,0.26780063700909323,0.1671354162119528,0.3337104915253127,-8.234671209616065e-17
21.366666666666667,0.2550374086087863,0.2676941332809551,0.16645004954148537,0.3328751069426122,-8.252228995906332e-17
21.4,0.254087720137398,0.2675872264051264,0.16576920979200546,0.3320421523900674,-8.26970957829721e-17
21.433333333333334,0.25314301365441355,0.26747992125885994,0.16509285999016085,0.331211629799178,-8.287113548962916e-17
21.466666666666665,0.2522032701277447,0.2673722226850418,0.164420963645128,0.33038354118957397,-8.304441495572521e-17
21.5,0.25126847030912675,0.2672641354921549,0.16375348473773518,0.32955788866030794,-8.32169400126405e-17
21.533333333333335,0.25033859474123743,0.267155664454169,0.1630903877097445,0.32873467438127674,-8.338871644621124e-17
21.566666666666666,0.2494136237647828,0.26704681431042127,0.16243163745330705,0.3279139005847657,-8.355974999652317e-17
21.6,0.24849353752556286,0.2669375897655056,0.16177719930058912,0.32709556955717534,-8.373004635772915e-17
21.633333333333333,0.24757831598144983,0.26682799548929087,0.16112703901357228,0.32627968363083915,-8.389961117789169e-17
21.666666666666668,0.24666793890931604,0.26671803611670786,0.16048112277403676,0.3254662451760615,-8.406845005884903e-17
21.7,0.24576238591193844,0.26660771624788854,0.1598394171737275,0.32465525659325833,-8.423656855610443e-17
21.733333333333334,0.24486163642473505,0.26649704044786343,0.15920188920469477,0.32384672030529144,-8.440397217873725e-17
21.766666666666666,0.24396566972263614,0.2663860132467942,0.15856850624983632,0.32304063874994016,-8.457066638933654e-17
21.8,0.2430744649266433,0.26627463913971666,0.15793923607360738,0.3222370143725742,-8.473665660395485e-17
21.833333333333332,0.24218800101053042,0.26616292258662944,0.1573140468129461,0.32143584961894245,-8.490194819208253e-17
21.866666666666667,0.24130625680730936,0.26605086801243877,0.1566929069683621,0.32063714692821116,-8.506654647664228e-17
21.9,0.24042921101572576,0.26593847980701146,0.15607578539523434,0.31984090872609644,-8.523045673400201e-17
21.933333333333334,0.2395568422066506,0.26582576232508637,0.1554626512952985,0.31904713741819873,-8.53936841940067e-17
21.966666666666665,0.2386891288293588,0.26571271988637496,0.15485347420832282,0.3182558353835671,-8.555623404002778e-17
22.0,0.23782604921777709,0.2655993567754237,0.15424822400397784,0.3174670049683479,-8.571811140902983e-17
22.033333333333335,0.23696758159657796,0.2654856772418417,0.15364687087390233,0.3166806484797084,-8.587932139165395e-17
22.066666666666666,0.23611370408731364,0.2653716855001898,0.1530493853239572,0.3158967681798497,-8.603986903231711e-17
22.1,0.2352643947142869,0.26525738573004937,0.1524557381666775,0.31511536628028647,-8.619975932932698e-17
22.133333333333333,0.23441963141049443,0.26514278207608594,0.15186590051390678,0.3143364449362514,-8.635899723501183e-17
22.166666666666668,0.23357939202341851,0.26502787864807875,0.1512798437696355,0.3135600062413057,-8.65175876558645e-17
22.2,0.23274365432069385,0.26491267952103315,0.15069753962301152,0.3127860522221331,-8.667553545270044e-17
22.233333333333334,0.23191239599573055,0.2647971887351297,0.1501189600415583,0.3120145848334992,-8.68328454408288e-17
22.266666666666666,0.231085594673241,0.264681410295916,0.1495440772645603,0.3112456059534229,-8.69895223902366e-17
22.3,0.23026322791465204,0.26456534817433364,0.14897286379665242,0.31047911737849626,-8.71455710257848e-17
22.333333333333332,0.2294452732234445,0.2644490063068159,0.1484052924015795,0.30971512081940467,-8.730099602741635e-17
22.366666666666667,0.22863170805039026,0.2643323885953105,0.14784133609614145,0.30895361789665227,-8.745580203037537e-17
22.4,0.22782250979865448,0.26421549890749696,0.14728096814432395,0.3081946101363999,-8.76099936254371e-17
22.433333333333334,0.22701765582892178,0.26409834107678404,0.1467241620515946,0.3074380989665521,-8.776357535914826e-17
22.466666666666665,0.2262171234642661,0.2639809189024896,0.14617089155938562,0.3066840857129774,-8.791655173407707e-17
22.5,0.22542088999501964,0.26386323614985696,0.14562113063974802,0.30593257159593384,-8.806892720907274e-17
22.533333333333335,0.22462893268359563,0.26374529655031403,0.14507485349016694,0.30518355772664246,-8.822070619953398e-17
22.566666666666666,0.22384122876904874,0.263627103801476,0.14453203452855523,0.3044370451040468,-8.837189307768571e-17
22.6,0.22305775547171,0.2635086615672724,0.14399264838841117,0.3036930346117564,-8.852249217286408e-17
22.633333333333333,0.22227848999762945,0.26338997347822574,0.14345666991412956,0.30295152701512884,-8.867250777180931e-17
22.666666666666668,0.22150340954296058,0.2632710431313961,0.14292407415648423,0.3022125229585646,-8.882194411896517e-17
22.7,0.22073249129822678,0.2631518740906202,0.1423948363682583,0.30147602296290343,-8.897080541678605e-17
22.733333333333334,0.21996571245248525,0.2630324698866829,0.14186893200003503,0.30074202742305717,-8.911909582604996e-17
22.766666666666666,0.21920305019748193,0.26291283401738247,0.14134633669613617,0.30001053660573945,-8.926681946617776e-17
22.8,0.21844448173153969,0.2627929699478203,0.14082702629070193,0.29928155064740236,-8.941398041555826e-17
22.833333333333332,0.21768998426354116,0.26267288111036047,0.1403109768039314,0.2985550695522884,-8.956058271187848e-17
22.866666666666667,0.21693953501666136,0.26255257090498735,0.13979816443844453,0.29783109319067386,-8.970663035245883e-17
22.9,0.21619311123215523,0.2624320426993431,0.13928856557579986,0.29710962129723706,-8.98521272945934e-17
22.933333333333334,0.2154506901729,0.26231129982893336,0.13878215677313616,0.29639065346958104,-8.999707745589388e-17
22.966666666666665,0.2147122491269553,0.26219034559737925,0.13827891475995252,0.2956741891669052,-9.014148471463818e-17
23.0,0.21397776541101507,0.26206918327642476,0.13777881643500642,0.29496022770882213,-9.028535291012233e-17
23.033333333333335,0.21324721637371555,0.261947816106289,0.137281838863353,0.2942487682743049,-9.042868584301552e-17
23.066666666666666,0.2125205793988736,0.2618262472957137,0.13678795927349172,0.2935398099007761,-9.057148727571885e-17
23.1,0.21179783190872414,0.26170448002220065,0.13629715505464302,0.29283335148333584,-9.07137609327265e-17
23.133333333333333,0.21107895136692628,0.2615825174322323,0.13580940375412742,0.29212939177410524,-9.085551050098914e-17
23.166666666666668,0.2103639152815729,0.26146036264142103,0.13532468307487105,0.29142792938172185,-9.099673963028e-17
23.2,0.20965270120812,0.26133801873473195,0.1348429708730116,0.29072896277093546,-9.113745193356263e-17
23.233333333333334,0.20894528675217594,0.2612154887665957,0.1343642451556067,0.29003249026233974,-9.127765098736041e-17
23.266666666666666,0.20824164957223495,0.2610927757611777,0.1338884840784584,0.28933851003222305,-9.141734033212755e-17
23.3,0.20754176738237134,0.2609698827125956,0.133415665944021,0.28864702011252846,-9.155652347262109e-17
23.333333333333332,0.2068456179547556,0.2608468125850858,0.13294576919941442,0.28795801839091023,-9.169520387827404e-17
23.366666666666667,0.20615317912215053,0.26072356831314375,0.1324787724345267,0.2872715026109522,-9.183338498356927e-17
23.4,0.205464428780401,0.26060015280188004,0.1320146543802096,0.28658747037242094,-9.197107018841344e-17
23.433333333333334,0.20477934489063168,0.2604765689270459,0.1315533939065571,0.28590591913169416,-9.210826285851191e-17
23.466666666666665,0.2040979054816244,0.2603528195354028,0.13109497002126844,0.2852268462022141,-9.22449663257432e-17
23.5,0.20342008865193356,0.2602289074447936,0.13063936186809358,0.2845502487551076,-9.238118388853347e-17
23.533333333333335,0.20274587257197207,0.2601048354444821,0.13018654872535407,0.28387612381984334,-9.251691881223054e-17
23.566666666666666,0.20207523548612374,0.25998060629522274,0.12973651000454112,0.2832044682850211,-9.265217432947772e-17
23.6,0.2014081557146193,0.2598562227296206,0.12928922524898134,0.282535278899226,-9.278695364058669e-17
23.633333333333333,0.20074461165544843,0.2597316874522124,0.12884467413257497,0.2818685522719511,-9.292125991390939e-17
23.666666666666668,0.20008458178617694,0.25960700313979934,0.12840283645860281,0.2812042848746612,-9.305509628620916e-17
23.7,0.19942804466572112,0.2594821724415328,0.12796369215858266,0.2805424730418536,-9.318846586303037e-17
23.733333333333334,0.19877497893598986,0.2593571979792613,0.12752722129120805,0.27988311297224794,-9.332137171906698e-17
23.766666666666666,0.19812536332350045,0.25923208234764616,0.12709340404132774,0.2792262007300497,-9.345381689852929e-17
23.8,0.1974791766409651,0.25910682811442004,0.12666222071898478,0.278571732246224,-9.358580441550928e-17
23.833333333333332,0.1968363977887054,0.25898143782063415,0.12623365175851625,0.277919703319927,-9.371733725434408e-17
23.866666666666667,0.1961970057561588,0.25885591398077773,0.12580767771769105,0.277270109619912,-9.38484183699771e-17
23.9,0.19556097962319124,0.2587302590831288,0.12538427927690565,0.2766229466860551,-9.397905068831806e-17
23.933333333333334,0.1949282985613929,0.25860447558987004,0.12496343723841971,0.27597820993089023,-9.41092371065996e-17
23.966666666666665,0.1942989418353441,0.25847856593735047,0.12454513252563779,0.2753358946412502,-9.42389804937327e-17
24.0,0.19367288880377226,0.2583525325362733,0.12412934618243333,0.27469599597992156,-9.436828369065898e-17
