Distance (m),2 h,4 h,6 h,8 h,10 h,12 h
0.0,3.1150324865817442e-09,1.0090455377928695e-08,-1.5895966881660347e-08,-2.71143989158311e-09,-8.148761417467656e-11,1.5760518560077092e-11
0.0004008016032064128,3.921272597159363e-09,3.6895204101872003e-08,8.837663779856443e-09,7.422034410080205e-10,2.290412237999638e-10,9.435415581716089e-11
0.0008016032064128256,4.752602416737258e-09,6.361303921774133e-08,3.321358338879298e-08,4.158784813738981e-09,5.369705140841586e-10,1.718953959039585e-10
0.0012024048096192384,5.5974523833745646e-09,9.010458130473137e-08,5.7200759278885945e-08,7.537214043565972e-09,8.422509116141318e-10,2.483290649238781e-10
0.0016032064128256513,6.444252935130422e-09,1.1623045094203687e-07,8.076815878387213e-08,1.0876400947445192e-08,1.1448330713261073e-09,3.2359998898032774e-10
0.002004008016032064,7.281434510063964e-09,1.4185126870885253e-07,1.0388474923748817e-07,1.4175255342332842e-08,1.4446676481563085e-09,3.976529941767158e-10
0.002404809619238477,8.097427546234334e-09,1.6682765518437306e-07,1.2651949797347085e-07,1.743268704518512e-08,1.7417052970409602e-09,4.704329066164503e-10
0.0028056112224448897,8.880662481700664e-09,1.9102023094779317e-07,1.4864137232555691e-07,2.0647605872958217e-08,2.0358966729162855e-09,5.418845524029396e-10
0.0032064128256513026,9.619569754522093e-09,2.142896165783076e-07,1.7021933962748302e-07,2.3818921642608346e-08,2.327192430718508e-09,6.119527576395916e-10
0.0036072144288577155,1.0302579802757757e-08,2.36496432655111e-07,1.9122236721298585e-07,2.6945544171091697e-08,2.6155432253838524e-09,6.805823484298145e-10
0.004008016032064128,1.0918123064466798e-08,2.575012997573982e-07,2.1161942241580223e-07,3.002638327536446e-08,2.9008997118485422e-09,7.477181508770166e-10
0.004408817635270541,1.1454629977708346e-08,2.771648384643637e-07,2.313794725696688e-07,3.306034877238285e-08,3.1832125450488015e-09,8.13304991084606e-10
0.004809619238476954,1.1900530980541547e-08,2.953476693552024e-07,2.5047148500832234e-07,3.604635047910306e-08,3.4624323799208536e-09,8.772876951559911e-10
0.0052104208416833666,1.2244256511025531e-08,3.11910413009109e-07,2.6886442706549953e-07,3.898329821248129e-08,3.738509871400922e-09,9.396110891945795e-10
0.0056112224448897794,1.247423700721944e-08,3.267136900052781e-07,2.8652726607493705e-07,4.187010178947374e-08,4.011395674425233e-09,1.00021999930378e-09
0.006012024048096192,1.257890290718241e-08,3.396181209229045e-07,3.034289693703717e-07,4.4705671027036605e-08,4.281040443930008e-09,1.0590592515870004e-09
0.006412825651302605,1.2567490723709574e-08,3.5052623033107674e-07,3.192039252839449e-07,4.741855143599299e-08,4.53961776625823e-09,1.1144526054463238e-09
0.006813627254509018,1.2496126700019914e-08,3.5968273972998134e-07,3.3319583895048445e-07,4.986455264891969e-08,4.77111017877562e-09,1.1631122734686267e-09
0.007214428857715431,1.2380617307476294e-08,3.6749695611537277e-07,3.4585645109906907e-07,5.212100099405373e-08,4.983832866963329e-09,1.2069174600916955e-09
0.007615230460921844,1.223407238288989e-08,3.743790792875981e-07,3.576926930928464e-07,5.427653361341233e-08,5.1873472764837054e-09,1.2480095880562854e-09
0.008016032064128256,1.2069601763071878e-08,3.8073930904700407e-07,3.692114962949637e-07,5.641978764901273e-08,5.391214852999093e-09,1.2885300801031513e-09
0.008416833667334669,1.1900315284833434e-08,3.869878451939378e-07,3.809197920685687e-07,5.863940024287217e-08,5.604997042171844e-09,1.330620358973048e-09
0.008817635270541082,1.1739322784985734e-08,3.935348875287461e-07,3.9332451177680855e-07,6.102400853700787e-08,5.838255289664303e-09,1.3764218474067303e-09
0.009218436873747494,1.1599734100339954e-08,4.0079063585177597e-07,4.0693258678283094e-07,6.366224967343706e-08,6.100551041138818e-09,1.4280759681449533e-09
0.009619238476953907,1.149465906770727e-08,4.0916528996337415e-07,4.2225094844978335e-07,6.664276079417697e-08,6.401445742257738e-09,1.487724143928472e-09
0.01002004008016032,1.1437207523898858e-08,4.190690496638878e-07,4.397865281408131e-07,7.005417904124485e-08,6.750500838683407e-09,1.557507797498041e-09
0.010420841683366733,1.1440156648388543e-08,4.3176844834020013e-07,4.6099000968274157e-07,7.414100404025822e-08,7.1765960189427816e-09,1.6438481897220382e-09
0.010821643286573146,1.15043417412735e-08,4.5115136816137105e-07,4.902339342478191e-07,7.965092536185325e-08,7.774720320996227e-09,1.767598602923474e-09
0.011222444889779559,1.161685287756382e-08,4.760402938813931e-07,5.263556804676128e-07,8.644717928410515e-08,8.53562249217109e-09,1.926210552926591e-09
0.011623246492985972,1.176408099905914e-08,5.04560070810163e-07,5.674266915757029e-07,9.426833947691045e-08,9.434932404159628e-09,2.113767046912744e-09
0.012024048096192385,1.1932417047559098e-08,5.348355442575777e-07,6.115184108056697e-07,1.0285297961016556e-07,1.0448279928654094e-08,2.324351092063286e-09
0.012424849699398798,1.2108251964863339e-08,5.649915595335337e-07,6.56702281391093e-07,1.1193967335376698e-07,1.1551294937346746e-08,2.5520456955595716e-09
0.01282565130260521,1.2277976692771499e-08,5.931529619479279e-07,7.010497465655535e-07,1.2126699437761115e-07,1.2719607301929838e-08,2.790933864582954e-09
0.013226452905811623,1.2427982173083218e-08,6.17444596810657e-07,7.426322495626309e-07,1.3057351635159457e-07,1.3928846894095627e-08,3.0350986063147873e-09
0.013627254509018036,1.2544659347598138e-08,6.35991309431618e-07,7.795212336159057e-07,1.3959781294561362e-07,1.5154643585536364e-08,3.2786229279364263e-09
0.014028056112224449,1.2614399158115898e-08,6.469179451207073e-07,8.09788141958958e-07,1.4807845782956485e-07,1.6372627247944312e-08,3.5155898366292233e-09
0.014428857715430862,1.2616001780880876e-08,6.489993643220481e-07,8.319053916600502e-07,1.557619749193181e-07,1.7556845993325483e-08,3.739733001438444e-09
0.014829659318637275,1.2464922405861094e-08,6.484173741456143e-07,8.493572800483621e-07,1.626333732148809e-07,1.8684071470337494e-08,3.94549240492488e-09
0.015230460921843688,1.2171194331304805e-08,6.472858705640554e-07,8.640189934000756e-07,1.689286071920006e-07,1.9783159433263156e-08,4.139024121156757e-09
0.0156312625250501,1.1773013110639819e-08,6.45751991046503e-07,8.766518336467067e-07,1.7489275963697804e-07,2.0892406897131164e-08,4.328592882245673e-09
0.01603206412825651,1.1308574297293944e-08,6.439628730620893e-07,8.880171027197708e-07,1.807709133361141e-07,2.2050110876970186e-08,4.522463420303225e-09
0.016432865731462926,1.0816073444694981e-08,6.420656540799461e-07,8.988761025507839e-07,1.8680815107570974e-07,2.3294568387808942e-08,4.728900467441015e-09
0.016833667334669337,1.0333706106270746e-08,6.402074715692051e-07,9.099901350712615e-07,1.9324955564206573e-07,2.4664076444676077e-08,4.956168755770638e-09
0.017234468937875752,9.89966783544904e-09,6.385354629989985e-07,9.221205022127194e-07,2.0034020982148312e-07,2.6196932062600312e-08,5.212533017403692e-09
0.017635270541082163,9.552154185657675e-09,6.371967658384578e-07,9.360285059066733e-07,2.0832519640026256e-07,2.79314322566103e-08,5.506257984451775e-09
0.018036072144288578,9.329360710324456e-09,6.363385175567152e-07,9.524754480846386e-07,2.1744959816470522e-07,2.990587404173476e-08,5.84560838902649e-09
0.01843687374749499,9.266731176151848e-09,6.361768594319414e-07,9.722687029204912e-07,2.279966968130203e-07,3.217368326146041e-08,6.241599267240304e-09
0.018837675350701404,9.275396068979558e-09,6.395783878511899e-07,9.977481723528852e-07,2.416764580054135e-07,3.537677501701464e-08,6.813056763173381e-09
0.019238476953907815,9.294802793313317e-09,6.473639928998749e-07,1.0292094655942423e-06,2.5895038384668353e-07,3.9729685356712925e-08,7.603482696642527e-09
0.01963927855711423,9.322209944237518e-09,6.586732965461515e-07,1.065708011709101e-06,2.7932914988461605e-07,4.508200319962939e-08,8.59044525272855e-09
0.02004008016032064,9.354876116836555e-09,6.726459207581746e-07,1.1062992397619987e-06,3.023234316669959e-07,5.1283317464837965e-08,9.751512616512213e-09
0.020440881763527055,9.390059906194824e-09,6.884214875040998e-07,1.1500385788174738e-06,3.274439047416088e-07,5.818321707141282e-08,1.1064252973074333e-08
0.020841683366733466,9.425019907396717e-09,7.051396187520817e-07,1.1959814579400635e-06,3.5420124465623956e-07,6.563129093842784e-08,1.2506234507495672e-08
0.02124248496993988,9.457014715526626e-09,7.219399364702758e-07,1.2431833061943073e-06,3.8210612695867385e-07,7.34771279849572e-08,1.4055025404857048e-08
0.021643286573146292,9.483302925668948e-09,7.37962062626837e-07,1.2906995526447416e-06,4.106692271966966e-07,8.157031713007483e-08,1.568819385023922e-08
0.022044088176352707,9.501143132908077e-09,7.523456191899204e-07,1.3375856263559055e-06,4.3940122091809336e-07,8.976044729285486e-08,1.738330802872301e-08
0.022444889779559118,9.507793932328402e-09,7.642302281276813e-07,1.3828969563923367e-06,4.6781278367064897e-07,9.789710739237119e-08,1.911793612538917e-08
0.022845691382765532,9.491290077119227e-09,7.750136730353175e-07,1.4295335386646641e-06,4.966855633846921e-07,1.0621367143924149e-07,2.0987803590527527e-08
0.023246492985971944,9.443240239922783e-09,7.864817479136246e-07,1.48027217210775e-06,5.270910876323245e-07,1.1505181070878613e-07,2.309808050639184e-08
0.023647294589178358,9.366895834314883e-09,7.982208271949851e-07,1.5337411333679618e-06,5.588998214380807e-07,1.244012235583386e-07,2.543325723803695e-08
0.02404809619238477,9.265509358209991e-09,8.098170530604659e-07,1.5885682830664376e-06,5.919821009875057e-07,1.3425156998686107e-07,2.797781171253015e-08
0.024448897795591184,9.142333309522558e-09,8.208565676911345e-07,1.6433814818243186e-06,6.262082624661459e-07,1.4459250999331596e-07,3.071622185693882e-08
0.024849699398797595,9.000620186167049e-09,8.30925513268058e-07,1.696808590262743e-06,6.614486420595464e-07,1.5541370357666546e-07,3.363296559833024e-08
0.02525050100200401,8.843622486057917e-09,8.396100319723039e-07,1.7474774690028525e-06,6.975735759532534e-07,1.66704810735872e-07,3.671252086377179e-08
0.02565130260521042,8.674592707109625e-09,8.464962659849393e-07,1.794015978665785e-06,7.344534003328122e-07,1.7845549146989772e-07,3.993936558033076e-08
0.026052104208416832,8.496783347236629e-09,8.511703574870314e-07,1.8350519798726815e-06,7.719584513837685e-07,1.9065540577770507e-07,4.329797767507449e-08
0.026452905811623247,8.313446904353384e-09,8.532184486596478e-07,1.8692133332446812e-06,8.099590652916688e-07,2.0329421365825635e-07,4.677283507507035e-08
0.026853707414829658,8.09489659462147e-09,8.511404012642692e-07,1.896849852458022e-06,8.483662353131972e-07,2.163100410068903e-07,5.0309495557417996e-08
0.027254509018036072,7.78657429593047e-09,8.431261418487606e-07,1.9211536772107654e-06,8.872993903431619e-07,2.2967408355676538e-07,5.3872867972805094e-08
0.027655310621242483,7.40576995392582e-09,8.301574277933185e-07,1.942837550017985e-06,9.26936406695619e-07,2.435295305937105e-07,5.7553100263690334e-08
0.028056112224448898,6.971779337920149e-09,8.132880449379734e-07,1.9625271256397715e-06,9.674547329281706e-07,2.5802353898450793e-07,6.144327200447987e-08
0.02845691382765531,6.503898217226105e-09,7.935717791227563e-07,1.980848058836214e-06,1.0090318175984177e-06,2.733032655959397e-07,6.563646276957977e-08
0.028857715430861724,6.0214223611563135e-09,7.720624161876974e-07,1.998426004367402e-06,1.0518451092639624e-06,2.8951586729478796e-07,7.022575213339615e-08
0.029258517034068135,5.543647539023423e-09,7.498137419728281e-07,2.0158866169934237e-06,1.0960720564824054e-06,3.0680850094783473e-07,7.530421967033503e-08
0.02965931863727455,5.089869520140061e-09,7.278795423181786e-07,2.0338555514743706e-06,1.1418901078113498e-06,3.2532832342186234e-07,8.096494495480262e-08
0.03006012024048096,4.679384073818875e-09,7.073136030637798e-07,2.0529584625703297e-06,1.1894767118083952e-06,3.4522249158365255e-07,8.730100756120492e-08
0.030460921843687375,4.331486969372493e-09,6.891697100496622e-07,2.073821005041392e-06,1.2390093170311451e-06,3.6663816229998784e-07,9.440548706394813e-08
0.030861723446893786,4.045640925681725e-09,6.733040511063155e-07,2.0965297735134566e-06,1.291264054865836e-06,3.904424630860543e-07,1.0315477213102471e-07
0.0312625250501002,3.760438898882701e-09,6.56085955849066e-07,2.1194829630974083e-06,1.3481990248213443e-06,4.190673713347584e-07,1.1621420033834786e-07
0.031663326653306616,3.475744962818282e-09,6.378157378731812e-07,2.142702496340392e-06,1.4091197344207088e-06,4.5193060424487206e-07,1.3307557093269923e-07
0.03206412825651302,3.1984246958483264e-09,6.192267075923377e-07,2.1663987566072124e-06,1.4730848492344406e-06,4.881607957609848e-07,1.529208486863801e-07
0.03246492985971944,2.9353436763326763e-09,6.010521754202106e-07,2.190782127262675e-06,1.5391530348330547e-06,5.268865798276882e-07,1.7493199837169287e-07
0.03286573146292585,2.6933674826311884e-09,5.840254517704765e-07,2.216062991671584e-06,1.6063829567870624e-06,5.672365903895717e-07,1.982909847609388e-07
0.03326653306613227,2.479361693103716e-09,5.688798470568114e-07,2.2424517331987434e-06,1.6738332806669758e-06,6.083394613912257e-07,2.2217977262641958e-07
0.033667334669338675,2.3001918861101137e-09,5.563486716928914e-07,2.2701587352089573e-06,1.7405626720433065e-06,6.493238267772397e-07,2.4578032674043643e-07
0.03406813627254509,2.1627236400102267e-09,5.471652360923923e-07,2.2993943810670323e-06,1.8056297964865692e-06,6.893183204922052e-07,2.682746118752918e-07
0.034468937875751504,2.073822533163911e-09,5.420628506689901e-07,2.3303690541377715e-06,1.868093319567275e-06,7.274515764807119e-07,2.8884459280328694e-07
0.03486973947895792,2.0347723013621827e-09,5.413422094968107e-07,2.363190608113451e-06,1.9270517854710736e-06,7.635869504073168e-07,3.072158654696697e-07
0.035270541082164326,2.0068434217149195e-09,5.421046334035559e-07,2.3973388663394485e-06,1.9825201208732395e-06,8.02368503746455e-07,3.267837022999485e-07
0.03567134268537074,1.98138986081441e-09,5.436115950565038e-07,2.433033004867302e-06,2.035399386014238e-06,8.43631583405728e-07,3.4761648365794966e-07
0.036072144288577156,1.958544132886556e-09,5.457900034409717e-07,2.470669720926294e-06,2.0866238602021683e-06,8.859820753432002e-07,3.6889303386453816e-07
0.03647294589178357,1.9384387521572608e-09,5.485667675422771e-07,2.5106457117457037e-06,2.137127822745132e-06,9.280258655169367e-07,3.8979217724057896e-07
0.03687374749498998,1.921206232852426e-09,5.51868796345737e-07,2.5533576745548125e-06,2.187845552951229e-06,9.683688398850015e-07,4.0949273810693693e-07
0.03727454909819639,1.9069790891979527e-09,5.55622998836669e-07,2.5992023065829024e-06,2.2397113301285624e-06,1.0056168844054613e-06,4.2717354078447793e-07
0.03767535070140281,1.8958898354197445e-09,5.597562840003904e-07,2.648576305059254e-06,2.293659433585232e-06,1.0383758850363804e-06,4.4201340959406667e-07
0.03807615230460922,1.8880709857437026e-09,5.641955608222185e-07,2.7018763672131485e-06,2.3506241426293384e-06,1.065251727735824e-06,4.5319116885656863e-07
0.03847695390781563,1.8836550543957298e-09,5.688677382874705e-07,2.7594991902738655e-06,2.4115397365689815e-06,1.0848502984618565e-06,4.5988564289284826e-07
0.038877755511022044,1.8831393656598934e-09,5.738573991942311e-07,2.8229275288529868e-06,2.4779390039950297e-06,1.0960815322307816e-06,4.613075908096542e-07
0.03927855711422846,1.893724399735034e-09,5.821699943057679e-07,2.9131431057392447e-06,2.5615962769602675e-06,1.1043459714266034e-06,4.5773341638841465e-07
0.039679358717434866,1.9163429918600516e-09,5.941602959025641e-07,3.0313467371193496e-06,2.6621467258412772e-06,1.112040940650106e-06,4.500672435876232e-07
0.04008016032064128,1.948582045713238e-09,6.087452897521022e-07,3.168617386410559e-06,2.7734699862866143e-06,1.1190935013755882e-06,4.390889732920133e-07
0.040480961923847696,1.9880284649728857e-09,6.248419616218633e-07,3.3160340170301253e-06,2.88944569394483e-06,1.125430715077349e-06,4.2557850638631924e-07
0.04088176352705411,2.0322691533172852e-09,6.413672972793289e-07,3.4646755923952993e-06,3.0039534844644766e-06,1.1309796432296863e-06,4.10315743755275e-07
0.04128256513026052,2.0788910144247287e-09,6.572382824919802e-07,3.6056210759233334e-06,3.1108729934941047e-06,1.1356673473068993e-06,3.9408058628361474e-07
0.04168336673346693,2.1254809519735093e-09,6.713719030272995e-07,3.729949431031485e-06,3.204083856682271e-06,1.1394208887832867e-06,3.7765293485607195e-07
0.04208416833667335,2.169625869641918e-09,6.82685144652768e-07,3.828739621137003e-06,3.2774657096775264e-06,1.142167329133147e-06,3.6181269035738093e-07
0.04248496993987976,2.208912671108247e-09,6.900949931358672e-07,3.893070609657144e-06,3.324898188128422e-06,1.1438337298307788e-06,3.473397536722756e-07
0.04288577154308617,2.240940885073799e-09,6.924968712301494e-07,3.913919297933779e-06,3.3401411159682613e-06,1.1442824481333313e-06,3.350024992693564e-07
0.043286573146292584,2.2667733288614675e-09,6.847424033037558e-07,3.864724821861094e-06,3.294850706604221e-06,1.1300938492364181e-06,3.229757386236995e-07
0.043687374749499,2.2891432934641052e-09,6.653341106003506e-07,3.741775782489629e-06,3.1822379802263784e-06,1.0948144859518001e-06,3.098845256127325e-07
0.04408817635270541,2.3091560578415236e-09,6.369606862958985e-07,3.5623783120212623e-06,3.01904808167573e-06,1.0436902844469776e-06,2.962671583083756e-07
0.04448897795591182,2.327916900953532e-09,6.023108235663646e-07,3.343838542657873e-06,2.822026155793276e-06,9.819671708894517e-07,2.82661934782549e-07
0.044889779559118236,2.346531101759942e-09,5.640732155877127e-07,3.10346260660133e-06,2.6079173474200055e-06,9.148910714467207e-07,2.696071531071724e-07
0.04529058116232465,2.366103939220563e-09,5.249365555359077e-07,2.858556636053514e-06,2.393466801396919e-06,8.477079122862853e-07,2.576411113541662e-07
0.045691382765531065,2.3877406922952064e-09,4.875895365869145e-07,2.6264267632163015e-06,2.1954196625650126e-06,7.85663619575646e-07,2.473021075954504e-07
0.04609218436873747,2.412546639943682e-09,4.5472085191669834e-07,2.424379120291572e-06,2.0305210757652847e-06,7.340041194823037e-07,2.3912843990294533e-07
0.04649298597194389,2.441627061125802e-09,4.2901919470122263e-07,2.269719839481195e-06,1.915516185838727e-06,6.979753381737567e-07,2.3365840634857068e-07
0.0468937875751503,2.4760872348013746e-09,4.1317325811645274e-07,2.17975505298705e-06,1.8671501376263389e-06,6.828232018175063e-07,2.3143030500424678e-07
0.047294589178356716,2.5201472540219968e-09,4.046548788159671e-07,2.1376792529285747e-06,1.8666501225121343e-06,6.839457782583452e-07,2.3224274213419666e-07
0.047695390781563124,2.578439054199323e-09,3.96671818694261e-07,2.0988188462911473e-06,1.8667665430765973e-06,6.882737457063626e-07,2.3502812118587616e-07
0.04809619238476954,2.6500792542317896e-09,3.892381398030842e-07,2.0630140583344217e-06,1.8669662023002963e-06,6.953016657864912e-07,2.395059732398726e-07
0.04849699398797595,2.7341303893976444e-09,3.824458496463386e-07,2.0306148269088205e-06,1.8672485394338601e-06,7.046697595757596e-07,2.4540595628390805e-07
0.04889779559118237,2.829654994975139e-09,3.76386955727926e-07,2.001971089864763e-06,1.8676129937279163e-06,7.160182481511961e-07,2.5245772830570477e-07
0.049298597194388775,2.9357156062425233e-09,3.7115346555174843e-07,1.9774327850526725e-06,1.868059004433093e-06,7.28987352589829e-07,2.6039094729298484e-07
0.04969939879759519,3.0513747584780502e-09,3.668373866217074e-07,1.957349850322967e-06,1.8685860108000176e-06,7.43217293968687e-07,2.6893527123347057e-07
0.050100200400801605,3.1756949869599714e-09,3.6353072644170493e-07,1.9420722235260673e-06,1.869193452079319e-06,7.583482933647984e-07,2.778203581148842e-07
0.05050100200400802,3.307738826966536e-09,3.613254925156429e-07,1.931949842512396e-06,1.8698807675216246e-06,7.740205718551917e-07,2.867758659249478e-07
0.05090180360721443,3.4465688137759925e-09,3.6031369234742314e-07,1.927332645132372e-06,1.8706473963775627e-06,7.898743505168949e-07,2.955314526513834e-07
0.05130260521042084,3.612801150501954e-09,3.604798131025854e-07,1.9278962811087224e-06,1.8763887184363809e-06,8.072921705485956e-07,3.0441065447678267e-07
0.051703406813627256,3.856945227576901e-09,3.614743337644773e-07,1.9315634835485797e-06,1.8991136187771388e-06,8.304109377149155e-07,3.147995189678075e-07
0.052104208416833664,4.161206598223966e-09,3.630969178761472e-07,1.9375466115429933e-06,1.9356505681921848e-06,8.581962087618237e-07,3.264495441170936e-07
0.05250501002004008,4.503677444807012e-09,3.6516217321446786e-07,1.9451620485126074e-06,1.981903427715898e-06,8.892912201980788e-07,3.390060929043275e-07
0.05290581162324649,4.862449949689891e-09,3.67484707556312e-07,1.953726177878064e-06,2.033776058382656e-06,9.223392085324377e-07,3.521145283091945e-07
0.05330661322645291,5.215616295236455e-09,3.698791286785524e-07,1.962555383060006e-06,2.0871723212268375e-06,9.559834102736583e-07,3.6542021331138057e-07
0.053707414829659315,5.541268663810555e-09,3.721600443580618e-07,1.9709660474790764e-06,2.137996077282819e-06,9.888670619304975e-07,3.7856851089057137e-07
0.05410821643286573,5.8174992377760535e-09,3.741420623717131e-07,1.9782745545559175e-06,2.18215118758498e-06,1.0196334000117142e-06,3.9120478402645294e-07
0.054509018036072145,6.022400199496799e-09,3.7563979049637896e-07,1.9837972877111726e-06,2.2155415131676985e-06,1.046925661026065e-06,4.02974395698711e-07
0.05490981963927856,6.134063731336647e-09,3.7646783650893225e-07,1.986850630365485e-06,2.234070915065352e-06,1.0693870814823083e-06,4.1352270888703126e-07
0.05531062124248497,6.144129454509852e-09,3.7626729275960167e-07,1.9862965861093397e-06,2.236565956476976e-06,1.0861898811589738e-06,4.225283470859233e-07
0.05571142284569138,6.115441897760024e-09,3.7408302933719323e-07,1.9795761521808517e-06,2.236691218627962e-06,1.0996948855952622e-06,4.301040097345391e-07
0.056112224448897796,6.061959569874293e-09,3.70058457279827e-07,1.9672169457253083e-06,2.236781339604113e-06,1.110964901434488e-06,4.3663024328555693e-07
0.05651302605210421,5.987106377015241e-09,3.645033337361787e-07,1.9501961498530146e-06,2.236846140294856e-06,1.1206920179898385e-06,4.424875268846922e-07
0.05691382765531062,5.89430622534545e-09,3.5772741585492386e-07,1.929490947674278e-06,2.236895441589616e-06,1.1295683245745001e-06,4.4805633967766025e-07
0.05731462925851703,5.786983021027499e-09,3.500404607847378e-07,1.9060785222994027e-06,2.236939064377819e-06,1.1382859105016594e-06,4.5371716081017683e-07
0.05771543086172345,5.66856067022397e-09,3.417522256742962e-07,1.8809360568386956e-06,2.2369868295488904e-06,1.1475368650845036e-06,4.5985046942795703e-07
0.05811623246492986,5.542463079097447e-09,3.3317246767227455e-07,1.8550407344024626e-06,2.2370485579922574e-06,1.1580132776362185e-06,4.668367446767166e-07
0.05851703406813627,5.412114153810512e-09,3.246109439273486e-07,1.8293697381010099e-06,2.237134070597345e-06,1.170407237469991e-06,4.7505646570217063e-07
0.058917835671342685,5.280937800525741e-09,3.163774115881935e-07,1.8049002510446431e-06,2.2372531882535786e-06,1.1854108338990085e-06,4.848901116500349e-07
0.0593186372745491,5.1499891316598016e-09,3.08694861292733e-07,1.7824230761465074e-06,2.2378476090650197e-06,1.2046851858227856e-06,4.974042851292733e-07
0.059719438877755514,4.993439150122569e-09,3.00706602577286e-07,1.7602206553013362e-06,2.243974704984489e-06,1.2397169802181994e-06,5.207455655385761e-07
0.06012024048096192,4.8085377763500975e-09,2.9220081509697127e-07,1.7375612680461184e-06,2.2558805549655916e-06,1.290076425089369e-06,5.54882697271702e-07
0.060521042084168336,4.601963803211604e-09,2.832876736669902e-07,1.7143582962552432e-06,2.2720218020512575e-06,1.3511879530420938e-06,5.968792726822097e-07
0.06092184368737475,4.380396023576314e-09,2.7407735310254425e-07,1.6905251218031015e-06,2.2908550892844184e-06,1.4184759966821707e-06,6.437988841236561e-07
0.061322645290581165,4.150513230313452e-09,2.646800282188351e-07,1.665975126564083e-06,2.310837059708004e-06,1.4873649886153976e-06,6.927051239495986e-07
0.06172344689378757,3.918994216292245e-09,2.5520587383106434e-07,1.6406216924125789e-06,2.3304243563649463e-06,1.5532793614475707e-06,7.406615845135936e-07
0.06212424849699399,3.69251777438191e-09,2.457650647544332e-07,1.6143782012229786e-06,2.3480736222981758e-06,1.6116435477844902e-06,7.847318581692006e-07
0.0625250501002004,3.4777626974516727e-09,2.3646777580414325e-07,1.5871580348696727e-06,2.3622415005506224e-06,1.6578819802319529e-06,8.21979537269976e-07
0.06292585170340681,3.281407778370761e-09,2.274241817953963e-07,1.5588745752270518e-06,2.3713846341652174e-06,1.6874190913957559e-06,8.494682141694767e-07
0.06332665330661323,3.1097932739219732e-09,2.1873307232306805e-07,1.52939842073447e-06,2.3739171904970514e-06,1.6959663051456376e-06,8.644350194915753e-07
0.06372745490981964,2.950131253628026e-09,2.099069984909078e-07,1.4965957415886647e-06,2.3667340988658967e-06,1.6953990212199144e-06,8.739024381197823e-07
0.06412825651302605,2.7936890740950712e-09,2.0076454001831072e-07,1.4600730262949415e-06,2.349857832667371e-06,1.6940008088295887e-06,8.827546378075225e-07
0.06452905811623247,2.6414141196488023e-09,1.9148060578502719e-07,1.4208828938697295e-06,2.325000579715789e-06,1.6918211286218383e-06,8.909028703028502e-07
0.06492985971943888,2.4942537746149277e-09,1.8223010467080874e-07,1.380077963329462e-06,2.29387452782547e-06,1.688909441243842e-06,8.982583873538194e-07
0.06533066132264528,2.35315542331914e-09,1.7318794555540587e-07,1.3387108536905685e-06,2.2581918648107295e-06,1.6853152073427773e-06,9.047324407084845e-07
0.0657314629258517,2.2190664500871315e-09,1.6452903731856902e-07,1.2978341839694784e-06,2.2196647784858827e-06,1.6810878875658223e-06,9.102362821149e-07
0.06613226452905811,2.0929342392446096e-09,1.5642828884004965e-07,1.2585005731826247e-06,2.18000545666525e-06,1.6762769425601555e-06,9.146811633211196e-07
0.06653306613226453,1.975706175117264e-09,1.4906060899959805e-07,1.221762640346436e-06,2.1409260871631453e-06,1.6709318329729548e-06,9.179783360751981e-07
0.06693386773547094,1.8683296420308e-09,1.4260090667696546e-07,1.188673004477345e-06,2.104138857793887e-06,1.6651020194513982e-06,9.200390521251894e-07
0.06733466933867735,1.771752024310911e-09,1.3722409075190249e-07,1.1602842845917814e-06,2.0713559563717916e-06,1.6588369626426642e-06,9.207745632191481e-07
0.06773547094188377,1.6857832994709958e-09,1.326079732008762e-07,1.135182597909509e-06,2.0411236337639537e-06,1.6484484421958193e-06,9.18335298700504e-07
0.06813627254509018,1.6083606626558307e-09,1.2825671106652043e-07,1.1110224315358908e-06,2.0105565997518854e-06,1.6306115559972966e-06,9.112379121374384e-07
0.06853707414829659,1.5377576124945815e-09,1.24174005440534e-07,1.087898651145419e-06,1.9797730865685472e-06,1.6066700317344015e-06,9.003051020199875e-07
0.06893787575150301,1.4722483643638284e-09,1.2036402646770305e-07,1.06590843285619e-06,1.948894235116399e-06,1.5779715271805683e-06,8.863614654337387e-07
0.06933867735470942,1.4101071336401597e-09,1.168309442928142e-07,1.0451489527863035e-06,1.9180411862979047e-06,1.545863700109234e-06,8.7023159946428e-07
0.06973947895791584,1.3496081357001533e-09,1.1357892906065352e-07,1.0257173870538565e-06,1.8873350810155242e-06,1.5116942082938313e-06,8.527401011971984e-07
0.07014028056112225,1.2890255859203961e-09,1.1061215091600755e-07,1.0077109117769488e-06,1.8568970601717201e-06,1.476810709507798e-06,8.347115677180826e-07
0.07054108216432865,1.2266336996774695e-09,1.0793478000366251e-07,9.91226703073677e-07,1.8268482646689538e-06,1.4425608615245677e-06,8.169705961125198e-07
0.07094188376753507,1.1607066923479538e-09,1.0555098646840463e-07,9.763619370621394e-07,1.797309835409685e-06,1.410292322117575e-06,8.003417834660968e-07
0.07134268537074148,1.0895187793084362e-09,1.034649404550204e-07,9.63213789860435e-07,1.7684029132963772e-06,1.3813527490602565e-06,7.856497268644025e-07
0.07174348697394789,1.0078596294839432e-09,1.0158574797749143e-07,9.515908256474171e-07,1.738835628350109e-06,1.3543025341337346e-06,7.721371494355912e-07
0.07214428857715431,9.102974020450871e-10,9.972925906632378e-08,9.40868119820922e-07,1.7062993735104718e-06,1.3244249517255373e-06,7.571207579288159e-07
0.07254509018036072,8.020153022961657e-10,9.792528861522405e-08,9.309399412105532e-07,1.671986206998616e-06,1.2928059203725152e-06,7.411531174063071e-07
0.07294589178356714,6.885109982074381e-10,9.621097470932684e-08,9.217206263672563e-07,1.6372023565607723e-06,1.2607382562103163e-06,7.249032624473288e-07
0.07334669338677355,5.752821577491791e-10,9.462345543376698e-08,9.131245118419783e-07,1.6032540499431755e-06,1.2295147753745924e-06,7.090402276311473e-07
0.07374749498997996,4.678264488916511e-10,9.319986887367919e-08,9.050659341856653e-07,1.5714475148920567e-06,1.2004282940009922e-06,6.942330475370267e-07
0.07414829659318638,3.716415396051176e-10,9.197735311419812e-08,8.974592299492634e-07,1.543088979153648e-06,1.174771628225165e-06,6.811507567442321e-07
0.07454909819639279,2.9222509785985196e-10,9.099304624045858e-08,8.902187356837192e-07,1.5194846704741831e-06,1.1538375941827629e-06,6.704623898320289e-07
0.07494989979959919,2.350747916261174e-10,9.02840863375953e-08,8.832587879399791e-07,1.501940816599895e-06,1.1389190080094342e-06,6.628369813796819e-07
0.07535070140280561,2.0568828887417934e-10,8.988761149074296e-08,8.764937232689893e-07,1.4917636452770147e-06,1.1313086858408286e-06,6.589435659664562e-07
0.07575150300601202,2.0332858423657872e-10,8.977761259862073e-08,8.699177910569979e-07,1.4886333293887444e-06,1.1308437048117813e-06,6.588109598640507e-07
0.07615230460921844,2.0550989103400725e-10,8.971559132812604e-08,8.637727031689755e-07,1.4866281054523381e-06,1.1322519432333425e-06,6.601528206034052e-07
0.07655310621242485,2.0922516623856987e-10,8.967027932297716e-08,8.58010558951266e-07,1.4849961720724654e-06,1.1347697549013378e-06,6.625785712391478e-07
0.07695390781563126,2.1403485165173118e-10,8.963689345262016e-08,8.525486175051403e-07,1.4836596889817514e-06,1.1382310612778927e-06,6.65956230992261e-07
0.07735470941883768,2.1949938907495582e-10,8.961065058650107e-08,8.473041379318691e-07,1.4825408159128213e-06,1.1424697838251323e-06,6.70153819083727e-07
0.07775551102204409,2.2517922030970785e-10,8.958676759406596e-08,8.421943793327233e-07,1.4815617125983015e-06,1.1473198440051817e-06,6.750393547345279e-07
0.0781563126252505,2.30634787157452e-10,8.95604613447609e-08,8.371366008089737e-07,1.4806445387708172e-06,1.1526151632801661e-06,6.804808571656462e-07
0.07855711422845692,2.354265314196529e-10,8.952694870803196e-08,8.320480614618912e-07,1.479711454162994e-06,1.158189663112211e-06,6.863463455980643e-07
0.07895791583166333,2.391148948977747e-10,8.948144655332518e-08,8.268460203927467e-07,1.478684618507457e-06,1.1638772649634412e-06,6.925038392527644e-07
0.07935871743486973,2.4126031939328203e-10,8.941917175008664e-08,8.214477367028112e-07,1.4774861915368326e-06,1.1695118902959822e-06,6.988213573507285e-07
0.07975951903807615,2.4138173297808037e-10,8.93080441240872e-08,8.158393830522294e-07,1.4760819868498466e-06,1.1751651895597094e-06,7.05337845887643e-07
0.08016032064128256,2.3895533433647833e-10,8.892470800984578e-08,8.104998754849134e-07,1.47476716283085e-06,1.182549125816293e-06,7.133375639693612e-07
0.08056112224448898,2.342165847745565e-10,8.824900014406872e-08,8.054130312454736e-07,1.4735544817912356e-06,1.1915598041943505e-06,7.229187897385788e-07
0.08096192384769539,2.2752631029410116e-10,8.731574985133766e-08,8.004254913163171e-07,1.4723727050195833e-06,1.2016101134547095e-06,7.338434563868905e-07
0.0813627254509018,2.1924533689689815e-10,8.615978645623417e-08,7.953838966798504e-07,1.471150593804471e-06,1.2121129423581987e-06,7.458734971058924e-07
0.08176352705410822,2.0973449058473302e-10,8.481593928333979e-08,7.901348883184803e-07,1.4698169094344785e-06,1.2224811796656467e-06,7.587708450871803e-07
0.08216432865731463,1.9935459735939237e-10,8.33190376572362e-08,7.845251072146136e-07,1.468300413198184e-06,1.232127714137882e-06,7.722974335223488e-07
0.08256513026052104,1.884664832226618e-10,8.170391090250497e-08,7.784011943506571e-07,1.4665298663841671e-06,1.2404654345357325e-06,7.862151956029938e-07
0.08296593186372746,1.7743097417632695e-10,8.000538834372761e-08,7.716097907090172e-07,1.4644340302810058e-06,1.246907229620027e-06,8.002860645207114e-07
0.08336673346693386,1.6660889622217445e-10,7.825829930548586e-08,7.639975372721013e-07,1.46194166617728e-06,1.2508659881515935e-06,8.142719734670962e-07
0.08376753507014029,1.5624379780280097e-10,7.647463687646585e-08,7.552975147043131e-07,1.4586820472336895e-06,1.2518194506115814e-06,8.279612498140303e-07
0.0841683366733467,1.4392350518936248e-10,7.415853316600653e-08,7.428663287429051e-07,1.447804876369593e-06,1.2509913595331292e-06,8.418243955718094e-07
0.0845691382765531,1.291916475893483e-10,7.12185814765483e-08,7.264521407616818e-07,1.4282255945799982e-06,1.2492318875602043e-06,8.561073163258737e-07
0.08496993987975952,1.1288539698764683e-10,6.78188108886348e-08,7.07130600048196e-07,1.402279052922413e-06,1.2467825038135966e-06,8.707972549415426e-07
0.08537074148296593,9.584192536914814e-11,6.412325048280999e-08,6.859773558900027e-07,1.3723001024543482e-06,1.2438846774140948e-06,8.858814542841339e-07
0.08577154308617234,7.889840471874061e-11,6.029592933961746e-08,6.640680575746548e-07,1.3406235942333105e-06,1.240779877482488e-06,9.013471572189667e-07
0.08617234468937876,6.289200702131267e-11,5.650087653960083e-08,6.424783543897053e-07,1.3095843793168082e-06,1.2377095731395651e-06,9.171816066113603e-07
0.08657314629258517,4.8659904261754344e-11,5.290212116330408e-08,6.222838956227093e-07,1.281517308762352e-06,1.2349152335061156e-06,9.333720453266322e-07
0.08697394789579159,3.703926842495371e-11,4.96636922912707e-08,6.045603305612189e-07,1.2587572336274487e-06,1.2326383277029286e-06,9.499057162301024e-07
0.087374749498998,2.8867271495800512e-11,4.694961900404465e-08,5.903833084927893e-07,1.2436390049696084e-06,1.231120324850793e-06,9.667698621870886e-07
0.0877755511022044,2.4974628804280717e-11,4.4923028207196085e-08,5.808228481054299e-07,1.2384901413644594e-06,1.2306156160766034e-06,9.839533149279736e-07
0.08817635270541083,2.3325098621525456e-11,4.333492330170879e-08,5.743396438557589e-07,1.2418866345297636e-06,1.236428592834168e-06,1.0020558887370876e-06
0.08857715430861723,2.1816554670959886e-11,4.188540672729026e-08,5.689421666922616e-07,1.250537112963855e-06,1.2515082592309948e-06,1.0213517802315742e-06
0.08897795591182364,2.0456013965690486e-11,4.0559887651930516e-08,5.643891958715903e-07,1.263141347989104e-06,1.27402178246989e-06,1.0415191040716467e-06
0.08937875751503006,1.9250493518823763e-11,3.9343775243619595e-08,5.604395106503978e-07,1.278399110927883e-06,1.3021363297536613e-06,1.0622359749175192e-06
0.08977955911823647,1.8207010343466332e-11,3.822247867034769e-08,5.568518902853368e-07,1.295010173102561e-06,1.3340190682851123e-06,1.083180507429403e-06
0.09018036072144288,1.7332581452724693e-11,3.7181407100104817e-08,5.533851140330602e-07,1.3116743058355096e-06,1.3678371652670512e-06,1.1040308162675128e-06
0.0905811623246493,1.6634223859705357e-11,3.620596970088103e-08,5.497979611502205e-07,1.3270912804491001e-06,1.401757787902285e-06,1.1244650160920616e-06
0.09098196392785571,1.611895457751491e-11,3.52815756406665e-08,5.458492108934708e-07,1.3399608682657026e-06,1.4339481033936177e-06,1.1441612215632615e-06
0.09138276553106213,1.5793790619259862e-11,3.439363408745122e-08,5.412976425194634e-07,1.3489828406076883e-06,1.4625752789438582e-06,1.1627975473413274e-06
0.09178356713426854,1.5665748998046766e-11,3.352755420922536e-08,5.359020352848516e-07,1.3528569687974277e-06,1.4858064817558104e-06,1.180052108086471e-06
0.09218436873747494,1.6219518277330036e-11,3.2693708529981614e-08,5.293009495165482e-07,1.3525053307375857e-06,1.5053032894735062e-06,1.196898200293165e-06
0.09258517034068137,1.8060375744834395e-11,3.192039745643386e-08,5.21366403293617e-07,1.3510780249882376e-06,1.525630927657779e-06,1.2149319249323721e-06
0.09298597194388777,2.0892880848859042e-11,3.119716933040625e-08,5.123858950528519e-07,1.3487276403177902e-06,1.546212060441694e-06,1.233518843189299e-06
0.09338677354709418,2.440949729706544e-11,3.051299903332117e-08,5.026512987356185e-07,1.3455589039766006e-06,1.5663910667248594e-06,1.2519932121789924e-06
0.0937875751503006,2.8302688797115152e-11,2.985686144660105e-08,4.924544882832816e-07,1.3416765432150252e-06,1.5855123254068837e-06,1.2696892890165003e-06
0.09418837675350701,3.226491905666933e-11,2.9217731451668333e-08,4.820873376372079e-07,1.337185285283421e-06,1.6029202153873728e-06,1.2859413308168678e-06
0.09458917835671343,3.598865178338964e-11,2.8584583929945406e-08,4.718417207387618e-07,1.332189857432145e-06,1.617959115565936e-06,1.3000835946951428e-06
0.09498997995991984,3.916635068493723e-11,2.7946393762854734e-08,4.620095115293098e-07,1.3267949869115542e-06,1.6299734048421792e-06,1.3114503377663709e-06
0.09539078156312625,4.149047946897367e-11,2.7292135831818717e-08,4.528825839502168e-07,1.3211054009720053e-06,1.638307462115711e-06,1.3193758171455991e-06
0.09579158316633267,4.2653501843160405e-11,2.6610785018259754e-08,4.4475281194284835e-07,1.315225826863855e-06,1.6423056662861391e-06,1.3231942899478748e-06
0.09619238476953908,4.261134120944596e-11,2.5903043989157083e-08,4.377383553869286e-07,1.3087216436082284e-06,1.6405697105658015e-06,1.3206818872397346e-06
0.09659318637274548,4.2040209472075894e-11,2.519747204910385e-08,4.313930378119396e-07,1.3001433373437345e-06,1.6311464434102574e-06,1.3078150114759914e-06
0.0969939879759519,4.105588196041982e-11,2.4493132318546568e-08,4.2554353411793255e-07,1.28968573437954e-06,1.6152581449077091e-06,1.286544641024383e-06
0.09739478957915831,3.9723955625563767e-11,2.3786705761931483e-08,4.2004644868834184e-07,1.27766261039574e-06,1.594320634020773e-06,1.2592053526680848e-06
0.09779559118236474,3.8110027418593606e-11,2.3074873343704717e-08,4.147583859066007e-07,1.2643877410724292e-06,1.569749729712064e-06,1.228131723190269e-06
0.09819639278557114,3.62796942905954e-11,2.235431602831252e-08,4.095359501561435e-07,1.2501749020897026e-06,1.5429612509441992e-06,1.1956583293741111e-06
0.09859719438877755,3.429855319265506e-11,2.162171478020105e-08,4.0423574582040376e-07,1.2353378691276552e-06,1.5153710166797933e-06,1.1641197480027845e-06
0.09899799599198397,3.2232201075858484e-11,2.0873750563816465e-08,3.987143772828152e-07,1.2201904178663814e-06,1.488394845881461e-06,1.1358505558594616e-06
0.09939879759519038,3.014623489129177e-11,2.0107104343605002e-08,3.9282844892681184e-07,1.2050463239859767e-06,1.4634485575118202e-06,1.113185329727318e-06
0.09979959919839679,2.8106251590040792e-11,1.9318457084012832e-08,3.8643456513582755e-07,1.1902193631665359e-06,1.4419479705334851e-06,1.0984586463895268e-06
0.10020040080160321,2.6066494667425388e-11,1.8491073082733626e-08,3.7929299908268125e-07,1.1754610539611694e-06,1.424382363838146e-06,1.0925639734992874e-06
0.10060120240480962,2.346979780948131e-11,1.7555773788239417e-08,3.7087074096232416e-07,1.1579787153056232e-06,1.4063245791285371e-06,1.0883249017722554e-06
0.10100200400801604,2.0386318044812762e-11,1.6533238069827844e-08,3.6140946180642884e-07,1.1382064189089722e-06,1.3875387900530556e-06,1.084426052237573e-06
0.10140280561122245,1.7002605576628856e-11,1.545918818405368e-08,3.512680941989729e-07,1.1171701698314517e-06,1.3686841840161014e-06,1.080897118244617e-06
0.10180360721442885,1.3505210608138405e-11,1.4369346387471584e-08,3.4080557072393303e-07,1.095895973133294e-06,1.3504199484220716e-06,1.077767793142763e-06
0.10220440881763528,1.0080683342550196e-11,1.3299434936636228e-08,3.3038082396528573e-07,1.075409833874731e-06,1.3334052706753642e-06,1.075067770281387e-06
0.10260521042084168,6.915573983073372e-12,1.2285176088102384e-08,3.203527865070087e-07,1.056737757115998e-06,1.318299338180378e-06,1.0728267430098644e-06
0.10300601202404809,4.19643273291672e-12,1.1362292098424714e-08,3.1108039093307867e-07,1.0409057479173272e-06,1.3057613383415112e-06,1.071074404677572e-06
0.10340681362725451,2.10980979528908e-12,1.0566505224157893e-08,3.029225698274721e-07,1.0289398113389511e-06,1.2964504585631611e-06,1.0698404486338857e-06
0.10380761523046092,8.422553733995067e-13,9.933537721856679e-09,2.962382557741666e-07,1.021865952441104e-06,1.2910258862497268e-06,1.0691545682281807e-06
0.10420841683366733,5.231285242108427e-13,9.490737190029315e-09,2.913222473754565e-07,1.0204311834321572e-06,1.290537669390603e-06,1.0702563655698327e-06
0.10460921843687375,4.660362860992844e-13,9.140872995980339e-09,2.8746404087419295e-07,1.0213043778721574e-06,1.3003044967212192e-06,1.0890530454173828e-06
0.10501002004008016,4.173958679078948e-13,8.838852004104616e-09,2.842399716096022e-07,1.023049328250678e-06,1.319822061500377e-06,1.1266154394414517e-06
0.10541082164328658,3.7616026321156706e-13,8.575177988570223e-09,2.814851494137073e-07,1.0254351370488677e-06,1.346507735971437e-06,1.1779731692925848e-06
0.10581162324649299,3.412824655852007e-13,8.34035472354527e-09,2.7903468411853144e-07,1.028230906747875e-06,1.3777788923777562e-06,1.2381558566213228e-06
0.1062124248496994,3.117154686036909e-13,8.12488598319785e-09,2.7672368555609797e-07,1.0312057398288492e-06,1.4110529029626948e-06,1.3021931230782105e-06
0.10661322645290582,2.8641226584193325e-13,7.919275541696052e-09,2.743872635584299e-07,1.0341287387729381e-06,1.4437471399696137e-06,1.365114590313794e-06
0.10701402805611222,2.643258508748264e-13,7.714027173207986e-09,2.718605279575507e-07,1.0367690060612904e-06,1.4732789756418687e-06,1.4219498799786126e-06
0.10741482965931863,2.44409217277266e-13,7.499644651901744e-09,2.689785885854834e-07,1.0388956441750552e-06,1.4970657822228211e-06,1.4677286137232123e-06
0.10781563126252505,2.2561535862414795e-13,7.266631751945409e-09,2.6557655527425103e-07,1.040277755595381e-06,1.5125249319558301e-06,1.4974804131981374e-06
0.10821643286573146,2.0691122873780573e-13,7.005488730354368e-09,2.614787945647319e-07,1.0405993471357289e-06,1.5171043335557277e-06,1.5064209714815516e-06
0.10861723446893788,1.8847484316679707e-13,6.710565666881412e-09,2.5589027279829666e-07,1.034125313881604e-06,1.5112389936211974e-06,1.5037703702735866e-06
0.10901803607214429,1.708750669608578e-13,6.38895499028744e-09,2.4868122552992993e-07,1.0188047437911297e-06,1.4972635586208872e-06,1.4973524289528355e-06
0.1094188376753507,1.5423003092695634e-13,6.0502991318082476e-09,2.4025205760106003e-07,9.96485304737027e-07,1.476724968233487e-06,1.4877298907795055e-06
0.10981963927855712,1.3865786587206138e-13,5.704240522679622e-09,2.3100317385311508e-07,9.690146645920157e-07,1.4511701621376866e-06,1.4754654990138043e-06
0.11022044088176353,1.24276702603143e-13,5.3604215941373906e-09,2.213349791275242e-07,9.38240491228818e-07,1.422146080012178e-06,1.4611219969159404e-06
0.11062124248496993,1.1120467192716981e-13,5.028484777417343e-09,2.116478782657155e-07,9.06010452520154e-07,1.3911996615356508e-06,1.4452621277461207e-06
0.11102204408817636,9.955990465111049e-14,4.718072503755271e-09,2.0234227610911721e-07,8.741722163387432e-07,1.3598778463867944e-06,1.4284486347645529e-06
0.11142284569138276,8.946053158193496e-14,4.438827204386999e-09,1.9381857749915847e-07,8.445734505573086e-07,1.329727574244301e-06,1.4112442612314457e-06
0.11182364729458918,8.102468352661162e-14,4.20039131054831e-09,1.8647718727726708e-07,8.190618230485688e-07,1.3022957847868595e-06,1.3942117504070057e-06
0.11222444889779559,7.437049129211017e-14,4.012407253475023e-09,1.807185102848721e-07,7.994850016852465e-07,1.2791294176931623e-06,1.3779138455514419e-06
0.112625250501002,6.903987332279736e-14,3.864830900828944e-09,1.7621813581680833e-07,7.843829563298241e-07,1.2586125838537011e-06,1.3600681678980378e-06
0.11302605210420842,6.432103670453458e-14,3.735163617769903e-09,1.7218866737215278e-07,7.703367915376038e-07,1.2376926246504806e-06,1.3382125274057326e-06
0.11342685370741483,6.012814653193283e-14,3.6201010946805196e-09,1.685468314281526e-07,7.57230009967354e-07,1.216727207641119e-06,1.313596570424912e-06
0.11382765531062124,5.63769456403844e-14,3.5163903314602018e-09,1.6521124052273165e-07,7.449548268367069e-07,1.1960826303457294e-06,1.2874784688623632e-06
0.11422845691382766,5.298317686528171e-14,3.420778328008357e-09,1.6210050719381375e-07,7.334034573632942e-07,1.1761251902844254e-06,1.2611163946248726e-06
0.11462925851703407,4.986258304201753e-14,3.330012084224402e-09,1.5913324397932322e-07,7.224681167647489e-07,1.1572211849773215e-06,1.2357685196192295e-06
0.11503006012024049,4.693090700598414e-14,3.240838600007741e-09,1.5622806341718374e-07,7.120410202587027e-07,1.1397369119445305e-06,1.2126930157522201e-06
0.1154308617234469,4.410389159257425e-14,3.15000487525779e-09,1.533035780453195e-07,7.020143830627883e-07,1.1240386687061674e-06,1.1931480549306335e-06
0.1158316633266533,4.1297279637180285e-14,3.0542579098739573e-09,1.5027840040165443e-07,6.922804203946378e-07,1.1104927527823454e-06,1.178391809061256e-06
0.11623246492985972,3.842681397519465e-14,2.950344703755649e-09,1.470711430241124e-07,6.827313474718829e-07,1.0994654616931779e-06,1.1696824500508754e-06
0.11663326653306613,3.543608207431591e-14,2.8360674215379705e-09,1.4364598891809504e-07,6.733068419485816e-07,1.090435620430749e-06,1.166032477632859e-06
0.11703406813627254,3.237871420900365e-14,2.7136575416043897e-09,1.4009295476024325e-07,6.640821075536245e-07,1.0816105435548891e-06,1.1628449670242328e-06
0.11743486973947896,2.9312844031248575e-14,2.5857525326774682e-09,1.364601746878027e-07,6.550927822437686e-07,1.073083413415622e-06,1.159939227159034e-06
0.11783567134268537,2.629528158563954e-14,2.454944288407775e-09,1.3279265753231782e-07,6.46371327890012e-07,1.0650291170366757e-06,1.1573343852821111e-06
0.11823647294589178,2.3382836916765065e-14,2.323824702445862e-09,1.291354121253325e-07,6.379502063633507e-07,1.0576225414417785e-06,1.1550495686383126e-06
0.1186372745490982,2.0632320069213698e-14,2.1949856684422853e-09,1.2553344729839073e-07,6.298618795347821e-07,1.0510385736546578e-06,1.1531039044724866e-06
0.1190380761523046,1.8100541087574267e-14,2.0710190800476102e-09,1.2203177188303675e-07,6.221388092753032e-07,1.045452100699042e-06,1.1515165200294813e-06
0.11943887775551103,1.584431001643524e-14,1.9545168309123882e-09,1.1867539471081447e-07,6.148134574559108e-07,1.0410380095986585e-06,1.1503065425541453e-06
0.11983967935871744,1.3920436900385415e-14,1.8480708146871847e-09,1.1550932461326815e-07,6.07918285947602e-07,1.0379711873772361e-06,1.1494930992913268e-06
0.12024048096192384,1.2385731784013336e-14,1.7542729250225544e-09,1.1257857042194173e-07,6.014857566213738e-07,1.036426521058502e-06,1.1490953174858738e-06
0.12064128256513026,1.123233066424668e-14,1.673959155022275e-09,1.0991250846826804e-07,5.955871846460755e-07,1.0365735776740478e-06,1.150058712879722e-06
0.12104208416833667,1.0206640183962005e-14,1.6005853475116843e-09,1.0745286423255323e-07,5.903461625983745e-07,1.0383400561488568e-06,1.1559613239551379e-06
0.12144288577154308,9.271029220201182e-15,1.5325293251656585e-09,1.0515602606510991e-07,5.856298723965868e-07,1.0413769445152464e-06,1.1661089544877949e-06
0.1218436873747495,8.419496015431995e-15,1.4689780682842642e-09,1.0298405054231527e-07,5.812798232044761e-07,1.0453223236761972e-06,1.1792922675392941e-06
0.12224448897795591,7.646038812122319e-15,1.4091185571675729e-09,1.0089899424054664e-07,5.771375241858064e-07,1.049814274534688e-06,1.194301926171234e-06
0.12264529058116233,6.944655852739922e-15,1.352137772115649e-09,9.886291373618116e-08,5.73044484504341e-07,1.0544908779936997e-06,1.2099285934452155e-06
0.12304609218436874,6.309345379752665e-15,1.2972226934285644e-09,9.683786560559614e-08,5.688422133238439e-07,1.0589902149562115e-06,1.2249629324228369e-06
0.12344689378757515,5.734105635628346e-15,1.243560301406385e-09,9.478590642516877e-08,5.643722198080786e-07,1.0629503663252037e-06,1.2381956061656991e-06
0.12384769539078157,5.212934862834759e-15,1.190337576349177e-09,9.266909277127618e-08,5.594760131208089e-07,1.066009413003656e-06,1.2484172777354017e-06
0.12424849699398798,4.739831303839762e-15,1.1367414985570122e-09,9.044948122029579e-08,5.539951024257988e-07,1.0678054358945482e-06,1.254418610193544e-06
0.12464929859719438,4.3072437890772886e-15,1.082035202178454e-09,8.809067006072743e-08,5.477371620738465e-07,1.06793955131121e-06,1.2554501583614858e-06
0.1250501002004008,3.897291700760262e-15,1.0265539534231804e-09,8.55922851173119e-08,5.403494451475654e-07,1.065932435901627e-06,1.2550115192917482e-06
0.1254509018036072,3.507905866606238e-15,9.709196817721724e-10,8.298674936913389e-08,5.319472611878897e-07,1.0619948279411338e-06,1.2541389529302197e-06
0.12585170340681362,3.1410439589110433e-15,9.156610803763497e-10,8.030725458891054e-08,5.227459368528769e-07,1.056464320556672e-06,1.2528929051576386e-06
0.12625250501002003,2.7986636499705165e-15,8.613068423866341e-10,7.758699254935904e-08,5.129607988005847e-07,1.0496785068751827e-06,1.2513338218547434e-06
0.12665330661322646,2.482722612080478e-15,8.083856609539442e-10,7.485915502319645e-08,5.028071736890695e-07,1.0419749800236066e-06,1.2495221489022724e-06
0.12705410821643287,2.1951785175368116e-15,7.574262292292095e-10,7.215693378314032e-08,4.925003881763907e-07,1.0336913331288855e-06,1.247518332180964e-06
0.12745490981963928,1.937989038635335e-15,7.089572403633482e-10,6.951352060190776e-08,4.822557689206045e-07,1.0251651593179608e-06,1.2453828175715569e-06
0.12785571142284569,1.7131118476718883e-15,6.635073875072822e-10,6.69621072522159e-08,4.7228864257976885e-07,1.0167340517177733e-06,1.243176050954789e-06
0.1282565130260521,1.5225046169423124e-15,6.216053638119333e-10,6.453588550678198e-08,4.6281433581194133e-07,1.0087356034552644e-06,1.240958478211399e-06
0.12865731462925853,1.3674584937705648e-15,5.836945045100536e-10,6.226428911361073e-08,4.540331450806505e-07,1.0014863107792665e-06,1.2387857328384718e-06
0.12905811623246494,1.2301086143792336e-15,5.477426028423211e-10,6.00652335704515e-08,4.456615460250609e-07,9.946064981809917e-07,1.23655490390965e-06
0.12945891783567134,1.101921100013824e-15,5.128531910494626e-10,5.7899935645697806e-08,4.374889963192511e-07,9.877736994452345e-07,1.234176815559551e-06
0.12985971943887775,9.831475946480014e-16,4.792455559896315e-10,5.5777676468434427e-08,4.294813586122369e-07,9.809059114156303e-07,1.2316172518872827e-06
0.13026052104208416,8.740397422554316e-16,4.471389845209803e-10,5.3707737167746106e-08,4.216044955530342e-07,9.739211309358144e-07,1.2288419969919538e-06
0.13066132264529057,7.748491868097796e-16,4.1675276350166246e-10,5.1699398872717646e-08,4.1382426979065884e-07,9.667373548494224e-07,1.225816834972673e-06
0.131062124248497,6.858275722847048e-16,3.883061797898289e-10,4.976194271243365e-08,4.0610654397412625e-07,9.592725800000893e-07,1.2225075499285481e-06
0.1314629258517034,6.072265426538851e-16,3.620185202436366e-10,4.7904649815979166e-08,3.9841718075245344e-07,9.514448032314517e-07,1.2188799259586886e-06
0.13186372745490982,5.392977418909791e-16,3.3810907172123663e-10,4.6136801312438834e-08,3.907220427746556e-07,9.431720213871444e-07,1.2148997471622022e-06
0.13226452905811623,4.822928139696522e-16,3.1679712108078196e-10,4.44676783308974e-08,3.8298699268974884e-07,9.343722313108032e-07,1.210532797638198e-06
0.13266533066132263,4.3645946512249486e-16,2.9830094474313743e-10,4.290652104144201e-08,3.751778015847385e-07,9.249628958787327e-07,1.205744090852161e-06
0.13306613226452907,3.9754668429787896e-16,2.816636313481565e-10,4.141594800066109e-08,3.671791657157395e-07,9.143309564275572e-07,1.1996872650381347e-06
0.13346693386773548,3.6161323826254464e-16,2.659294572981899e-10,3.9962449133886506e-08,3.5897155930008443e-07,9.022046686042745e-07,1.191836474513421e-06
0.13386773547094188,3.286212246335312e-16,2.511259024823871e-10,3.85532680205658e-08,3.506470369314786e-07,8.889119380389847e-07,1.1824908573577845e-06
0.1342685370741483,2.9853274102788097e-16,2.3728044678989854e-10,3.719564824014664e-08,3.422976532036277e-07,8.747806703617886e-07,1.171949551650991e-06
0.1346693386773547,2.7130988506263613e-16,2.2442057010987512e-10,3.5896833372076696e-08,3.3401546271023747e-07,8.601387712027872e-07,1.1605116954728073e-06
0.13507014028056114,2.4691475435483734e-16,2.1257375233146656e-10,3.466406699580353e-08,3.2589252004501297e-07,8.453141461920807e-07,1.1484764269029978e-06
0.13547094188376754,2.2530944652153027e-16,2.0176747334382512e-10,3.350459269077499e-08,3.1802087980166115e-07,8.306347009597717e-07,1.1361428840213301e-06
0.13587174348697395,2.064560591797553e-16,1.9202921303610068e-10,3.242565403643864e-08,3.10492596573887e-07,8.164283411359603e-07,1.1238102049075692e-06
0.13627254509018036,1.9031668994655468e-16,1.8338645129744376e-10,3.143449461224215e-08,3.0339972495539634e-07,8.030229723507474e-07,1.1117775276414813e-06
0.13667334669338677,1.7685343643897067e-16,1.758666680170051e-10,3.053835799763317e-08,2.9683431953989487e-07,7.90746500234234e-07,1.1003439903028316e-06
0.13707414829659317,1.6563413625244903e-16,1.6942059835103032e-10,2.9737866588138635e-08,2.907880973026677e-07,7.795311662474143e-07,1.0891740855718241e-06
0.1374749498997996,1.5582069501862423e-16,1.6382680216473198e-10,2.9015956879918524e-08,2.8509359374063256e-07,7.687863655078357e-07,1.0774041226850046e-06
0.13787575150300602,1.4717302792596966e-16,1.5891018480011911e-10,2.8357434479263606e-08,2.7969351567973317e-07,7.584347939615433e-07,1.0652272294416372e-06
0.13827655310621242,1.3946318493181673e-16,1.5449737388841306e-10,2.7747234137823092e-08,2.7453327446251903e-07,7.484105325113298e-07,1.0528569273438425e-06
0.13867735470941883,1.324632159934974e-16,1.504149970608355e-10,2.717029060724625e-08,2.6955828143154e-07,7.386476620599883e-07,1.0405067378937426e-06
0.13907815631262524,1.2594517106834374e-16,1.4648968194860816e-10,2.661153863918234e-08,2.647139479293459e-07,7.290802635103121e-07,1.0283901825934596e-06
0.13947895791583168,1.1968110011368733e-16,1.425480561829524e-10,2.605591298528059e-08,2.599456852984863e-07,7.196424177650935e-07,1.0167207829451144e-06
0.13987975951903808,1.134430530868611e-16,1.3841674739509045e-10,2.5488348397190337e-08,2.5519890488151174e-07,7.102682057271271e-07,1.0057120604508306e-06
0.1402805611222445,1.0700307994519668e-16,1.3392238321624378e-10,2.4893779626560813e-08,2.5041901802097166e-07,7.008917082992058e-07,9.955775366127297e-07
0.1406813627254509,1.00133230646026e-16,1.2889159127763405e-10,2.425714142504128e-08,2.45551436059416e-07,6.914470063841226e-07,9.86530732932933e-07
0.1410821643286573,9.26263306484765e-17,1.231217662513112e-10,2.3571462309065135e-08,2.4061513307083326e-07,6.820180403824328e-07,9.78727524945627e-07
0.1414829659318637,8.453358465738767e-17,1.165210781522988e-10,2.2857489713890665e-08,2.358025167977171e-07,6.729970852249271e-07,9.719766802503904e-07
0.14188376753507015,7.608102205955547e-17,1.0928668777208034e-10,2.212181269547701e-08,2.3108877715123847e-07,6.642831776267694e-07,9.660189816204432e-07
0.14228456913827656,6.749795891199292e-17,1.0163057323907448e-10,2.1369311059052782e-08,2.2643035151396697e-07,6.557353087212181e-07,9.606012502854394e-07
0.14268537074148296,5.901371127171127e-17,9.376471268169845e-11,2.0604864609846432e-08,2.2178367726847126e-07,6.472124696415289e-07,9.554703074750323e-07
0.14308617234468937,5.0857595195722366e-17,8.590108422837e-11,1.9833353153086458e-08,2.1710519179732023e-07,6.385736515209592e-07,9.503729744188757e-07
0.14348697394789578,4.3258926741038034e-17,7.825166600750681e-11,1.9059656494001357e-08,2.123513324830828e-07,6.296778454927655e-07,9.450560723466228e-07
0.14388777555110221,3.644702196466967e-17,7.102843614752613e-11,1.8288654437819586e-08,2.074785367083276e-07,6.203840426902042e-07,9.392664224879266e-07
0.14428857715430862,3.065119692363005e-17,6.444337277684668e-11,1.7525226789769744e-08,2.024432418556242e-07,6.10551234246533e-07,9.327508460724415e-07
0.14468937875751503,2.6100767674930527e-17,5.870845402388565e-11,1.6774253355080288e-08,1.9720188530754125e-07,6.000384112950087e-07,9.252561643298209e-07
0.14509018036072144,2.285754690978613e-17,5.391013850296462e-11,1.6033176752015516e-08,1.9166404656290585e-07,5.885903993419975e-07,9.164048828609007e-07
0.14549098196392785,1.998048948291046e-17,4.9377647701833553e-11,1.5261943242619012e-08,1.8555586164758694e-07,5.755141155049715e-07,9.053682355214113e-07
0.14589178356713428,1.729600064132907e-17,4.500601362151421e-11,1.446594298360541e-08,1.7897516703256267e-07,5.610367103295444e-07,8.923608500653654e-07
0.1462925851703407,1.481799058244172e-17,4.083006592189157e-11,1.3659761167440763e-08,1.7208426446991252e-07,5.455435170860675e-07,8.777727635293658e-07
0.1466933867735471,1.2560369503647596e-17,3.6884634262849673e-11,1.285798298659096e-08,1.6504545571171455e-07,5.294198690448896e-07,8.619940129500127e-07
0.1470941883767535,1.0537047602346088e-17,3.320454830427286e-11,1.2075193633521935e-08,1.5802104251004735e-07,5.130510994763599e-07,8.454146353639071e-07
0.1474949899799599,8.761935075936573e-18,2.982463770604546e-11,1.1325978300699627e-08,1.5117332661698943e-07,4.968225416508278e-07,8.284246678076497e-07
0.14789579158316632,7.248942121818447e-18,2.677973212805186e-11,1.0624922180589976e-08,1.4466460978461934e-07,4.811195288386427e-07,8.114141473178415e-07
0.14829659318637275,6.011978937391006e-18,2.4104661230176213e-11,9.986610465658877e-09,1.3865719376501518e-07,4.663273943101533e-07,7.947731109310824e-07
0.14869739478957916,5.064955720053814e-18,2.1834254672303254e-11,9.425628348372364e-09,1.3331338031025642e-07,4.528314713357107e-07,7.788915956839756e-07
0.14909819639278557,4.410341075821052e-18,1.998910592146233e-11,8.953677676880934e-09,1.28769529505323e-07,4.4095914798143355e-07,7.640891529191534e-07
0.14949899799599198,3.872470547520327e-18,1.8361597957080018e-11,8.533444545324376e-09,1.247092040515092e-07,4.3002855451027397e-07,7.495267531181002e-07
0.14989979959919839,3.3858366358759865e-18,1.686621656012896e-11,8.145979931959886e-09,1.2095432468265212e-07,4.1967174973477084e-07,7.34904612508573e-07
0.15030060120240482,2.948385019661306e-18,1.549446017075317e-11,7.787107668807433e-09,1.1745624177642697e-07,4.0981052871740535e-07,7.202957854415002e-07
0.15070140280561123,2.55806137764965e-18,1.4237827229096944e-11,7.452651587887064e-09,1.1416630571050984e-07,4.0036668652066064e-07,7.057733262678125e-07
0.15110220440881764,2.2128113886142916e-18,1.308781617530429e-11,7.138435521218748e-09,1.1103586686257602e-07,3.9126201820701786e-07,6.914102893384386e-07
0.15150300601202404,1.910580731328534e-18,1.203592544951931e-11,6.840283300822484e-09,1.0801627561030104e-07,3.8241831883895865e-07,6.772797290043073e-07
0.15190380761523045,1.6493150845656823e-18,1.1073653491886114e-11,6.554018758718262e-09,1.0505888233136049e-07,3.73757383478965e-07,6.63454699616348e-07
0.1523046092184369,1.4269601270990256e-18,1.0192498742548745e-11,6.275465726926059e-09,1.0211503740342963e-07,3.65201007189518e-07,6.500082555254889e-07
0.1527054108216433,1.2414615377018996e-18,9.383959641651436e-12,6.0004480374659105e-09,9.913609120418451e-08,3.566709850331006e-07,6.370134510826609e-07
0.1531062124248497,1.0905787769682976e-18,8.639375049047611e-12,5.724819663195082e-09,9.607373656858444e-08,3.4808934208203835e-07,6.245404701066942e-07
0.1535070140280561,9.55370152006512e-19,7.937285606478928e-12,5.4485607143863205e-09,9.292860738055368e-08,3.3942884479836286e-07,6.123820068642757e-07
0.15390781563126252,8.2566638949381875e-19,7.268613686381201e-12,5.17480332705469e-09,8.974377025652095e-08,3.307481773851547e-07,6.004015821939701e-07
0.15430861723446893,7.034811976169764e-19,6.635686358854973e-12,4.905614229690484e-09,8.655149928918543e-08,3.2211015992511786e-07,5.886377473596816e-07
0.15470941883767536,5.9082828456273555e-19,6.040830694000745e-12,4.643060150783974e-09,8.338406857124614e-08,3.1357761250095556e-07,5.771290536253125e-07
0.15511022044088177,4.897213585178704e-19,5.48637376191914e-12,4.3892078188254906e-09,8.027375219540269e-08,3.0521335519537256e-07,5.659140522547681e-07
0.15551102204408818,4.0217412766913113e-19,4.974642632710662e-12,4.146123962305305e-09,7.725282425435411e-08,2.970802080910722e-07,5.550312945119513e-07
0.15591182364729458,3.302003002032761e-19,4.507964376475848e-12,3.915875309713712e-09,7.43535588407996e-08,2.892409912707583e-07,5.445193316607654e-07
0.156312625250501,2.7581358430706342e-19,4.088666063315243e-12,3.700528589541e-09,7.160823004743833e-08,2.817585248171347e-07,5.344167149651142e-07
0.15671342685370743,2.4102768816725005e-19,3.719074763329364e-12,3.5021505302774505e-09,6.904911196696939e-08,2.746956288129046e-07,5.247619956889003e-07
0.15711422845691383,2.27856319970599e-19,3.4015175466188044e-12,3.3228078604133823e-09,6.670847869209233e-08,2.6811512334077283e-07,5.155937250960287e-07
0.15751503006012024,2.005488839503672e-18,3.122705954630205e-12,3.1589044484894504e-09,6.454378236661528e-08,2.6190074911593065e-07,5.06778162156219e-07
0.15791583166332665,7.36158084586976e-18,2.862717193161945e-12,3.0035618031028125e-09,6.246835392569996e-08,2.5585398630874675e-07,4.98130288842987e-07
0.15831663326653306,1.544510378963498e-17,2.6209859866775315e-12,2.856385079807477e-09,6.048073090681842e-08,2.499945281690634e-07,4.896920782432479e-07
0.15871743486973947,2.5393837568008658e-17,2.3970370762854916e-12,2.7170108757662862e-09,5.857986524570051e-08,2.443430917860856e-07,4.815065267047798e-07
0.1591182364729459,3.634556207820092e-17,2.190395203094338e-12,2.585075788142074e-09,5.6764708878076015e-08,2.3892039424901797e-07,4.736166305753607e-07
0.1595190380761523,4.74380572174195e-17,2.000585108212626e-12,2.4602164140977026e-09,5.503421373967506e-08,2.3374715264706629e-07,4.6606538620277025e-07
0.15991983967935872,5.780910288287451e-17,1.8271315327488666e-12,2.3420693507960035e-09,5.3387331766227437e-08,2.2884408406943518e-07,4.5889578993478634e-07
0.16032064128256512,6.65964789717753e-17,1.6695592178115872e-12,2.230271195399822e-09,5.1823014893463017e-08,2.242319056053296e-07,4.521508381191874e-07
0.16072144288577153,7.293796538133113e-17,1.5273929045093136e-12,2.1244585450719994e-09,5.0340215057111685e-08,2.199313343439546e-07,4.4587352710375184e-07
0.16112224448897797,7.597134200875147e-17,1.4001573339505644e-12,2.0242679969753726e-09,4.893788419290326e-08,2.159630873745149e-07,4.401068532362578e-07
0.16152304609218437,7.495007132509124e-17,1.2851387668308473e-12,1.9292398744519815e-09,4.761940501220412e-08,2.1234427169058772e-07,4.3488025117327403e-07
0.16192384769539078,7.017586775941894e-17,1.1766172089547862e-12,1.8388082938955182e-09,4.638817760873116e-08,2.0904551395047238e-07,4.3013385988342616e-07
0.1623246492985972,6.250807046316676e-17,1.0744838841427965e-12,1.7526706189294765e-09,4.5230863217647295e-08,2.060069696825094e-07,4.257743361108487e-07
0.1627254509018036,5.2811179319992056e-17,9.788994486961694e-13,1.6705362945603554e-09,4.4133462953501346e-08,2.0316833909383746e-07,4.217084496152478e-07
0.16312625250501003,4.194969421355141e-17,8.900245589161901e-13,1.5921147657946472e-09,4.3081977930842024e-08,2.0046932239159524e-07,4.1784297015632895e-07
0.16352705410821644,3.078811502750371e-17,8.080198711041618e-13,1.5171154776388607e-09,4.206240926421828e-08,1.9784961978292183e-07,4.140846674937986e-07
0.16392785571142285,2.01909416455056e-17,7.330460415613696e-13,1.445247875099489e-09,4.106075806817885e-08,1.952489314749558e-07,4.1034031138736243e-07
0.16432865731462926,1.102267395121441e-17,6.652637265891041e-13,1.37622140318303e-09,4.006302545727252e-08,1.9260695767483594e-07,4.065166715967263e-07
0.16472945891783566,4.147811828287518e-18,6.048335824886568e-13,1.3097455068959816e-09,3.90552125460481e-08,1.8986339858970095e-07,4.0252051788159613e-07
0.16513026052104207,4.3085516038225847e-19,5.519162655613183e-13,1.2455296312448425e-09,3.8023320449054396e-08,1.8695795442668964e-07,3.982586200016779e-07
0.1655310621242485,1.7665565633675912e-20,5.058996669301241e-13,1.1833094109546028e-09,3.6962808827660486e-08,1.8387319820749414e-07,3.937083030540463e-07
0.16593186372745491,1.6260517875301106e-20,4.632045129361248e-13,1.1230339745474927e-09,3.5908915872186646e-08,1.8076841810249062e-07,3.8913169039202043e-07
0.16633266533066132,1.5085327750127738e-20,4.2333285875836796e-13,1.0647041673191875e-09,3.486394972718801e-08,1.776486774648564e-07,3.8452877579006084e-07
0.16673346693386773,1.4104907384521216e-20,3.8625292971247584e-13,1.0083139559084972e-09,3.382478603261592e-08,1.7449413219783196e-07,3.7985808759616917e-07
0.16713426853707414,1.3284168904846963e-20,3.5193295111407055e-13,9.538573069542327e-10,3.2788300428421726e-08,1.7128493820465772e-07,3.7507815415834664e-07
0.16753507014028057,1.2588024437470356e-20,3.2034114827877233e-13,9.013281870952016e-10,3.175136855455671e-08,1.6800125138857394e-07,3.7014750382459474e-07
0.16793587174348698,1.1981386108756901e-20,2.9144574652220783e-13,8.507205629702212e-10,3.071086605097233e-08,1.6462322765282153e-07,3.6502466494291533e-07
0.1683366733466934,1.1429166045071965e-20,2.6521497115999695e-13,8.02028401218099e-10,2.9663668557619898e-08,1.6113102290064065e-07,3.596681658613097e-07
0.1687374749498998,1.0896276372780972e-20,2.416170475077619e-13,7.552456684776455e-10,2.8606651714450732e-08,1.575047930352718e-07,3.540365349277792e-07
0.1691382765531062,1.0347629218249335e-20,2.2062020088112498e-13,7.103663313876713e-10,2.7536691161416198e-08,1.537246939599554e-07,3.4808830049032547e-07
0.1695390781563126,9.755081144050432e-21,2.0206614757137222e-13,6.671870310773619e-10,2.644392768399548e-08,1.4973226144684045e-07,3.4170731836073203e-07
0.16993987975951905,9.166814181257994e-21,1.8465706398818462e-13,6.238806367949475e-10,2.5266924961842545e-08,1.4516982359460214e-07,3.3419563620072326e-07
0.17034068136272545,8.601085417960287e-21,1.6813146199743688e-13,5.805372644316307e-10,2.4017207487002436e-08,1.400913473910127e-07,3.2564477784654867e-07
0.17074148296593186,8.059656161655643e-21,1.525795898351962e-13,5.378270305351438e-10,2.272688026491162e-08,1.3466811256595434e-07,3.163724219471702e-07
0.17114228456913827,7.544287719842434e-21,1.3809169573753095e-13,4.964200516532219e-10,2.142804830100661e-08,1.2907139884930958e-07,3.0669624715155045e-07
0.17154308617234468,7.056741400019042e-21,1.247580279405095e-13,4.569864443336002e-10,2.0152816600723955e-08,1.2347248597096082e-07,2.9693393210865196e-07
0.1719438877755511,6.598778509683805e-21,1.1266883468019946e-13,4.201963251240114e-10,1.8933290169500102e-08,1.1804265366079023e-07,2.874031554674364e-07
0.17234468937875752,6.172160356335167e-21,1.019143641926709e-13,3.867198105721958e-10,1.7801574012771744e-08,1.1295318164868106e-07,2.784215958768678e-07
0.17274549098196393,5.778648247471466e-21,9.258486471399132e-14,3.572270172258859e-10,1.678977313597534e-08,1.0837534966451536e-07,2.7030693198590794e-07
0.17314629258517034,5.4200034905910804e-21,8.477058448022915e-14,3.323880616328169e-10,1.5929992544547412e-08,1.0448043743817565e-07,2.6337684244351937e-07
0.17354709418837674,5.0970159273244695e-21,7.854123993822939e-14,3.127984039974342e-10,1.5251672917656984e-08,1.0142748037499037e-07,2.579281594898392e-07
0.17394789579158318,4.779185303011753e-21,7.323484265737257e-14,2.9630773368804386e-10,1.4683932851832763e-08,9.890603064186849e-08,2.5344751427807225e-07
0.1743486973947896,4.457715501895726e-21,6.845428328076458e-14,2.8149428698593915e-10,1.417547161958872e-08,9.667239282154776e-08,2.4950520311105876e-07
0.174749498997996,4.141362789110739e-21,6.41413262186284e-14,2.68129649780398e-10,1.3716513708933015e-08,9.466986027168403e-08,2.459849131624283e-07
0.1751503006012024,3.838883429791166e-21,6.023773588118738e-14,2.5598540796069956e-10,1.3297283607873864e-08,9.28417263499333e-08,2.4277033160581107e-07
0.1755511022044088,3.559033689071376e-21,5.668527667866489e-14,2.44833147416123e-10,1.290800580441948e-08,9.11312844139516e-08,2.3974514561483695e-07
0.17595190380761522,3.310569832085746e-21,5.34257130212843e-14,2.3444445403594717e-10,1.2538904786578075e-08,8.948182782139494e-08,2.3679304236313596e-07
0.17635270541082165,3.1022481239686313e-21,5.040080931926875e-14,2.2459091370945066e-10,1.2180205042357834e-08,8.783664992991923e-08,2.3379770902433792e-07
0.17675350701402806,2.9428248298544356e-21,4.7552329982842036e-14,2.1504411232591385e-10,1.1822131059767022e-08,8.613904409718074e-08,2.3064283277207324e-07
0.17715430861723447,2.8410562148775153e-21,4.482203942222728e-14,2.055756357746151e-10,1.1454907326813826e-08,8.433230368083535e-08,2.2721210077997163e-07
0.17755511022044088,2.8056961037214884e-21,4.215170536902468e-14,1.9595709811881452e-10,1.1068759876506368e-08,8.235973026441854e-08,2.2338921560561837e-07
0.17795591182364728,2.8196749740190424e-21,3.952791518750542e-14,1.8628088439419144e-10,1.0670867260280538e-08,8.025634851975221e-08,2.1923115950283254e-07
0.17835671342685372,2.8593699309974627e-21,3.6984094816138925e-14,1.7680381481411916e-10,1.0274925252452694e-08,7.809762238314461e-08,2.1487736404433778e-07
0.17875751503006013,2.922282592232935e-21,3.453420830865793e-14,1.6756058125002163e-10,9.881836238709016e-09,7.589230731771523e-08,2.103441738262774e-07
0.17915831663326653,3.005914575301653e-21,3.219221971879467e-14,1.5858587557332105e-10,9.492502604735602e-09,7.364915878658311e-08,2.0564793344479374e-07
0.17955911823647294,3.107767497779808e-21,2.9972093100281506e-14,1.4991438965544005e-10,9.107826736218575e-09,7.137693225286732e-08,2.008049874960294e-07
0.17995991983967935,3.2253429772435914e-21,2.7887792506850842e-14,1.4158081536780152e-10,8.728711018844062e-09,6.908438317968704e-08,1.9583168057612707e-07
0.18036072144288576,3.3561426312691946e-21,2.5953281992235064e-14,1.3361984458182805e-10,8.356057838298185e-09,6.678026703016144e-08,1.9074435728122937e-07
0.1807615230460922,3.497668077432819e-21,2.4182525610166445e-14,1.2606616916894201e-10,7.990769580267045e-09,6.447333926740949e-08,1.8555936220747854e-07
0.1811623246492986,3.647420933310637e-21,2.2589487414377623e-14,1.1895448100056714e-10,7.633748630436817e-09,6.217235535455065e-08,1.80293039951018e-07
0.181563126252505,3.802902816478848e-21,2.118813145860086e-14,1.1231947194812568e-10,7.285897374493602e-09,5.988607075470395e-08,1.7496173510798994e-07
0.18196392785571142,4.01064250205041e-21,1.995621623449122e-14,1.0604751127745264e-10,6.939746034634798e-09,5.755060943328214e-08,1.6938655145367113e-07
0.18236472945891782,4.343270549970114e-21,1.8825352346208712e-14,9.990136959501015e-11,6.583479846827511e-09,5.50652131780072e-08,1.6329390628549058e-07
0.18276553106212426,4.7696407081166616e-21,1.77825738171959e-14,9.392254099182131e-11,6.223094238944362e-09,5.2484274641519795e-08,1.56830796254312e-07
0.18316633266533067,5.256291881716778e-21,1.6816381755827585e-14,8.815912011583764e-11,5.8649809478694735e-09,4.986563192328239e-08,1.501535199176803e-07
0.18356713426853707,5.769762975997277e-21,1.5915277270478352e-14,8.26592016150095e-11,5.515531710486894e-09,4.72671231227569e-08,1.4341837583313902e-07
0.18396793587174348,6.2765928961849435e-21,1.5067761469522865e-14,7.74708801372876e-11,5.1811382636806934e-09,4.4746586339405385e-08,1.3678166255823215e-07
0.1843687374749499,6.743320547506567e-21,1.4262335461335775e-14,7.264225033062276e-11,4.868192344334946e-09,4.236185967268995e-08,1.3039967865050367e-07
0.18476953907815633,7.136484835188955e-21,1.3487500354291686e-14,6.822140684296539e-11,4.5830856893337025e-09,4.0170781222072546e-08,1.244287226674973e-07
0.18517034068136273,7.42262466445884e-21,1.2731757256765368e-14,6.425644432226686e-11,4.3322100355610755e-09,3.823118908701555e-08,1.190250931667578e-07
0.18557114228456914,7.568278940543037e-21,1.1983607277131418e-14,6.079545741647764e-11,4.121957119901117e-09,3.6600921366980905e-08,1.1434508870582875e-07
0.18597194388777555,7.500504945956708e-21,1.1230705092938512e-14,5.7815898326496994e-11,3.95173029223329e-09,3.528125004394304e-08,1.1040317262418229e-07
0.18637274549098196,7.096916169328695e-21,1.0468884681659773e-14,5.508529301215393e-11,3.799462800159088e-09,3.4097322029911064e-08,1.0677253135398755e-07
0.18677354709418836,6.4216978431920195e-21,9.70884346544915e-15,5.256217881202295e-11,3.6611574410787874e-09,3.301779376200008e-08,1.0338659409239243e-07
0.1871743486973948,5.5536064641497196e-21,8.962027894162554e-15,5.0225424653868973e-11,3.5347951202696576e-09,3.2027222514899355e-08,1.0021867639362016e-07
0.1875751503006012,4.5713985288050194e-21,8.23988441765606e-15,4.805389946545741e-11,3.418356743008998e-09,3.111016556329834e-08,9.724209381189464e-08
0.18797595190380761,3.5538305337609655e-21,7.553859485785576e-15,4.6026472174553185e-11,3.309823214574077e-09,3.0251180181886285e-08,9.443016190143909e-08
0.18837675350701402,2.5796589756206562e-21,6.915399548407073e-15,4.412201170892139e-11,3.2071754402421733e-09,2.9434823645352538e-08,9.175619621647691e-08
0.18877755511022043,1.727640350987195e-21,6.335951055376517e-15,4.2319386996327063e-11,3.108394325290568e-09,2.8645653228386413e-08,8.91935123112316e-08
0.18917835671342687,1.0765311564636431e-21,5.82696045654984e-15,4.059746696453522e-11,3.011460774996532e-09,2.7868226205677186e-08,8.671542573992638e-08
0.18957915831663327,7.050878886531993e-22,5.39987420178308e-15,3.893512054131115e-11,2.9143556946373593e-09,2.70870998519143e-08,8.429525205678509e-08
0.18997995991983968,6.507059621186672e-22,5.058708002334394e-15,3.7316229517414573e-11,2.815751567841213e-09,2.6292453972603507e-08,8.191659773966216e-08
0.1903807615230461,6.691110066687338e-22,4.757041376355547e-15,3.5761608352548415e-11,2.7192160692351277e-09,2.5513738386615005e-08,7.963127967803518e-08
0.1907815631262525,7.027726026591479e-22,4.4822845185347854e-15,3.42741357429158e-11,2.6255062138389728e-09,2.4756665113180526e-08,7.7441507255986e-08
0.19118236472945893,7.474909128956602e-22,4.231451725700172e-15,3.285061078188902e-11,2.53451278755172e-09,2.4019831217264065e-08,7.533596382990842e-08
0.19158316633266534,7.990661001840111e-22,4.001557294679823e-15,3.1487832562840625e-11,2.4461265762723604e-09,2.3301833763829767e-08,7.330333275619675e-08
0.19198396793587175,8.53298327329951e-22,3.789615522301803e-15,3.018260017914287e-11,2.360238365899868e-09,2.2601269817841616e-08,7.133229739124481e-08
0.19238476953907815,9.059877571392266e-22,3.592640705394194e-15,2.893171272416814e-11,2.2767389423332213e-09,2.1916736444263664e-08,6.94115410914466e-08
0.19278557114228456,9.529345524175853e-22,3.407647140785077e-15,2.773196929128879e-11,2.1955190914714e-09,2.1246830708059948e-08,6.75297472131961e-08
0.19318637274549097,9.899388759707741e-22,3.231649125302533e-15,2.6580168973877188e-11,2.1164695992133824e-09,2.0590149674194507e-08,6.567559911288728e-08
0.1935871743486974,1.0128008906045415e-21,3.061660955774633e-15,2.5473110865305625e-11,2.0394812514581425e-09,1.994529040763135e-08,6.3837780146914e-08
0.1939879759519038,1.0175377333966614e-21,2.8948426018027813e-15,2.440709752817535e-11,1.964429611954586e-09,1.9310887154011587e-08,6.200614572515756e-08
0.19438877755511022,1.0053277729259005e-21,2.7318797580647567e-15,2.3371294572485226e-11,1.8909754905244176e-09,1.8686707856936198e-08,6.019428310733175e-08
0.19478957915831663,9.781110147653418e-22,2.5741127207607544e-15,2.2364180530263298e-11,1.8190747680122297e-09,1.8073240575666566e-08,5.841008213730016e-08
0.19519038076152304,9.367718727221131e-22,2.422192619282327e-15,2.1388157583255848e-11,1.748804917241821e-09,1.747087290395705e-08,5.6654392266400655e-08
0.19559118236472947,8.821947606033388e-22,2.276770583021019e-15,2.0445627913209093e-11,1.6802434110369886e-09,1.6879992435561954e-08,5.49280629459709e-08
0.19599198396793588,8.152640922161539e-22,2.1384977413684034e-15,1.953899370186945e-11,1.6134677222215418e-09,1.630098676423571e-08,5.323194362734896e-08
0.1963927855711423,7.368642813676836e-22,2.008025223716023e-15,1.8670657130983126e-11,1.5485553236192766e-09,1.573424348373263e-08,5.156688376187251e-08
0.1967935871743487,6.478797418650556e-22,1.8860041594554307e-15,1.7843020382296408e-11,1.4855836880539936e-09,1.5180150187807066e-08,4.993373280087938e-08
0.1971943887775551,5.491948875153981e-22,1.7730856779781804e-15,1.7058485637555572e-11,1.4246302883494931e-09,1.463909447021336e-08,4.833334019570739e-08
0.1975951903807615,4.416941321258391e-22,1.6699209086758251e-15,1.631945507850691e-11,1.3657725973295755e-09,1.4111463924705874e-08,4.676655539769433e-08
0.19799599198396794,3.2626188950349836e-22,1.577160980939912e-15,1.5628330886896656e-11,1.309088087818038e-09,1.3597646145038914e-08,4.5234227858177925e-08
0.19839679358717435,2.0378257345551986e-22,1.4954570241620074e-15,1.4987515244471177e-11,1.2546542326386882e-09,1.3098028724966908e-08,4.3737207028496186e-08
0.19879759519038076,7.514059778902425e-23,1.4254601677336573e-15,1.4399410332976714e-11,1.2025485046153234e-09,1.2612999258244167e-08,4.227634235998683e-08
0.19919839679358717,-5.877962368886075e-23,1.3678215410464154e-15,1.3866418334159548e-11,1.1528483765717434e-09,1.2142945338625046e-08,4.0852483303987663e-08
0.19959919839679358,-1.9709367717100673e-22,1.3231922734918347e-15,1.3390941429765958e-11,1.1056313213317491e-09,1.1688254559863887e-08,3.94664793118365e-08
0.2,-3.3891714885029613e-22,1.292223494461467e-15,1.2975381801542199e-11,1.0609748117191382e-09,1.1249314515715018e-08,3.811917983487106e-08
