Time (h),CSF total tracer content (mmol),PAR total tracer content (mmol),PVS art. total tracer content (mmol),PVS vein total tracer content (mmol),PVS cont. total tracer content (mmol)
0.0,0.0,0.0,0.0,0.0,0.0
0.03333333333333333,0.0005549508620402114,6.030490381058692e-07,7.837541495030954e-16,8.23657107587575e-15,1.1956003590588538e-13
0.06666666666666667,0.001664391981266666,2.2683777457685996e-06,1.8121449001462375e-14,1.3899395789055892e-13,1.967814137816017e-12
0.1,0.0033279484665726428,5.369719559511202e-06,2.0712532036318463e-13,1.1986328086353293e-12,1.6600277710635677e-11
0.13333333333333333,0.0055453012260492885,1.0225150670401561e-05,1.5761917067387902e-12,7.04898788713981e-12,9.57563033150972e-11
0.16666666666666666,0.00831616969763993,1.7114217952370875e-05,9.040867643481691e-12,3.1828663273251676e-11,4.251391538306417e-10
0.2,0.011640301031213563,2.628847197137468e-05,4.1870402166414114e-11,1.1779119606830517e-10,1.5504565056456764e-09
0.23333333333333334,0.015517462879797328,3.7978121668959915e-05,1.6358253762575094e-10,3.7242255120589743e-10,4.840488166549619e-09
0.26666666666666666,0.019947438259009215,5.239619057858089e-05,5.557790764251939e-10,1.0353641177980812e-09,1.331199498085283e-08
0.3,0.02493002152370029,6.974095364647957e-05,1.679182324788131e-09,2.5851366265392208e-09,3.293403728464857e-08
0.3333333333333333,0.030465014823978228,9.019714242838245e-05,4.589267852217722e-09,5.892027305040292e-09,7.448712244640153e-08
0.36666666666666664,0.03655222459775974,0.00011393626342550349,1.1499979094802196e-08,1.241721908966499e-08,1.5598097927446734e-07
0.4,0.04319145779435236,0.00014111630616474096,2.6711499207909538e-08,2.445088234963297e-08,3.055505400341952e-07
0.43333333333333335,0.0503825176259336,0.00017188108402892908,5.803052981491795e-08,4.5375639192562064e-08,5.646749099413354e-07
0.4666666666666667,0.05812519871995476,0.00020635942746281477,1.1880854951828688e-07,7.993840664833952e-08,9.915178087278151e-07
0.5,0.06641928160090245,0.0002446644222536244,2.3070233222831245e-07,1.3451406095622268e-07,1.6641803190188342e-06
0.5333333333333333,0.07526452647031752,0.00028689284958195455,4.2722239236300823e-07,2.1734839115688287e-07,2.6836870032310598e-06
0.5666666666666667,0.08466066628576506,0.0003331249399831412,7.580831486339965e-07,3.3877417505030154e-07,4.17658478464015e-06
0.6,0.09460739916849703,0.0003834245043860688,1.294309854902531e-06,5.114011380386713e-07,6.297105767687248e-06
0.6333333333333333,0.1051043802002989,0.00043783945742946576,2.1339987982104516e-06,7.502863013833478e-07,9.228915230181964e-06
0.6666666666666666,0.11615121270480927,0.0004964027062787635,3.4085751859393874e-06,1.0730945311339766e-06,1.3186522007475777e-05
0.7,0.12774743914762118,0.000559133345735232,5.289352080778004e-06,1.500259428562692e-06,1.841646264189993e-05
0.7333333333333333,0.13989253183093198,0.0006260380793533886,7.994166209290324e-06,2.0551522641727908e-06,2.519838016022604e-05
0.7666666666666667,0.15258588359956365,0.0006971127767580566,1.179385318757533e-05,2.7642622337544294e-06,3.384610464950961e-05
0.8,0.16582679881096365,0.0007723440782934813,1.701832511755842e-05,3.6573860042416085e-06,4.470881058831002e-05
0.8333333333333334,0.17961448484942244,0.0008517109676046123,2.4062026315247427e-05,4.767819452725301e-06,5.817228170646093e-05
0.8666666666666667,0.19394804447707886,0.0009351862483234253,3.3388566499505196e-05,6.132540623174206e-06,7.466026520863653e-05
0.9,0.208826469312847,0.001022737880157742,4.5534363300132004e-05,7.792370833251743e-06,9.463585035444972e-05
0.9333333333333333,0.2242486347085931,0.0011143301499154175,6.111116550205919e-05,9.792100772014899e-06,0.00011860276734767425
0.9666666666666667,0.24021329625401236,0.0012099246722475018,8.080737289913533e-05,1.218057019863225e-05,0.00014710647532257013
1.0,0.25671908808746724,0.0013094812315051715,0.00010538811562771564,1.5010693079214983e-05,0.00018073489515630018
1.0333333333333334,0.27265462140048663,0.0014117523908966946,0.000135694102842067,1.8339424115503654e-05,0.00022011864407335413
1.0666666666666667,0.2880192112816296,0.0015157778327936175,0.00017263929497058025,2.2227666926521247e-05,0.0002659306418658944
1.1,0.3028118864639073,0.001620768256865214,0.00021720749300496478,2.674012775630973e-05,0.0003188849761098973
1.1333333333333333,0.3170314550813009,0.0017260462129231637,0.00027044796983537596,3.194512043113375e-05,0.0003797349250208058
1.1666666666666667,0.3306765467870232,0.0018310123637105546,0.0003334702899255263,3.791432746090378e-05,0.0004492700310467884
1.2,0.3437456434049732,0.001935124971230758,0.00040743847160022614,4.4722518583345845e-05,0.000528312094240343
1.2333333333333334,0.3562371035458094,0.0020378871936370248,0.0004935646375628072,5.2447223017688085e-05,0.0006177099254701902
1.2666666666666666,0.36814918399434754,0.0021388394448092533,0.0005931022711954816,6.116834785731668e-05,0.0007183326923771588
1.3,0.3794800594873346,0.0022375552619598176,0.0007073391481714661,7.096773525508007e-05,0.0008310617334337614
1.3333333333333333,0.3902278418782872,0.0023336397015458962,0.0008375899484651608,8.19286569400039e-05,0.0009567808206555501
1.3666666666666667,0.4003905993117784,0.0024267295632657074,0.0009851884816075333,9.413525543054334e-05,0.0010963650081165406
1.4,0.4099663757779504,0.00251649487319463,0.0011514793909017877,0.00010767195409386375,0.0012506683777913068
1.4333333333333333,0.4189532112428008,0.002602641120872471,0.0013378091547619206,0.00012262286883888055,0.001420511142914808
1.4666666666666666,0.42734916242980303,0.0026849117900837327,0.0015455161876167182,0.00013907125911653473,0.0016066666547193994
1.5,0.43515232425169453,0.002763090776553665,0.0017759198655233775,0.00015709905324885385,0.0018098488618821277
1.5333333333333334,0.44236085184348395,0.002837004358712197,0.0020303083618855773,0.00017678647347095725,0.0020307006960104206
1.5666666666666667,0.44897298311609646,0.002906522478700142,0.002309925268544289,0.00019821177197916582,0.00226978372173073
1.6,0.45498706172072934,0.002971559191424947,0.0026159550843232386,0.00022145107429558352,0.002527569226854797
1.6333333333333333,0.4604015602774224,0.003032072238538925,0.0029495077626105893,0.00024657831386687185,0.0028044307680039865
1.6666666666666667,0.465215103674322,0.003088061791542509,0.003311602608897587,0.0002736652345134322,0.0031006380555038213
1.7,0.4694264921836297,0.0031395684764589714,0.0037031518988790086,0.0003027814361750374,0.0034163519745126943
1.7333333333333334,0.4730347240722754,0.003186670837901213,0.004124944642255812,0.00033399444391339145,0.003751620503377746
1.7666666666666666,0.47603901731431864,0.0032294824223444533,0.004577630944861576,0.00036736978872751964,0.004106375302493885
1.8,0.47843882994927295,0.0032681486611054167,0.00506170742282854,0.0004029710991831173,0.004480428798356949
1.8333333333333333,0.48023387858218697,0.003302843716748487,0.005577504099415063,0.0004408602128505013,0.004873471665029275
1.8666666666666667,0.4814241544987149,0.0033337674272270177,0.006125173170776211,0.00048109732418096136,0.005285070694427435
1.9,0.4820099368763983,0.003361142445122784,0.0067046799647023925,0.0005237411895028132,0.0057146671339104145
1.9333333333333333,0.4819918026159332,0.0033852116297948915,0.007315796339856865,0.0005688494098447737,0.006161575643036429
1.9666666666666666,0.48137063239353645,0.003406235712333033,0.007958096686429625,0.0006164788085687158,0.0066249840727463675
2.0,0.4801476126421425,0.003424491220252536,0.008630956597042765,0.0006666859141264115,0.007103954294966037
2.033333333333333,0.4788791841611521,0.003440871672204758,0.009333554184232137,0.0007195275497678814,0.007597424307757171
2.066666666666667,0.47756667328243263,0.0034561390211500973,0.010064873933093074,0.0007750615229684524,0.008104211813521355
2.1,0.4762117784189101,0.0034709803864740895,0.010823712899646298,0.0008333473989647531,0.00862301942212013
2.1333333333333333,0.47481652565407473,0.003486036339835769,0.011608689001493708,0.0008944473362685602,0.009152441577046047
2.1666666666666665,0.4733832334974175,0.0035019164548219413,0.012418251100938596,0.0009584269582389912,0.009690973251159946
2.2,0.4719144810928271,0.003519208189572343,0.013250690554591731,0.001025356233982544,0.010237020414724964
2.2333333333333334,0.47041307758927287,0.0035384817855576532,0.014104153899304507,0.0010953103433600712,0.010788912240090863
2.2666666666666666,0.4688820317248446,0.0035602925450378704,0.014976656362448004,0.0011683705032599265,0.011344914964598026
2.3,0.46732452127727964,0.003585181264939874,0.01586609592354805,0.0012446247338884064,0.01190324727476401
2.3333333333333335,0.4657438623353417,0.003613673328243585,0.01677026770995955,0.001324168543557226,0.012462096995592871
2.3666666666666667,0.46414347850544313,0.0036462768232786626,0.017686878574603812,0.0014071055083940975,0.013019638775174747
2.4,0.4625268702548426,0.0036834800025620333,0.018613561769744453,0.0014935477207907077,0.013574052363219733
2.433333333333333,0.4608975846328056,0.003725748365396573,0.019547891687601602,0.0015836160790568313,0.014123541013640798
2.466666666666667,0.4592591856182099,0.003773521628073063,0.0204873986781841,0.0016774403922787335,0.014666349513043847
2.5,0.4576152253258314,0.003827210818660148,0.021429583972136176,0.001775159279529506,0.015200781356928804
2.533333333333333,0.45596921627383646,0.0038871956949241117,0.022371934731049155,0.0018769198509602685,0.015725214660392395
2.566666666666667,0.45432460488002235,0.003953822634913327,0.02331193922297475,0.0019828771685716042,0.01623811648799467
2.6,0.4526847463225417,0.00402740309487547,0.0242471020829455,0.002093193494797971,0.016738055401306313
2.6333333333333333,0.45105288087807366,0.004108212674411507,0.025174959574563352,0.0022080373456708456,0.017223712135337393
2.6666666666666665,0.44943211183846327,0.004196490779594581,0.026093094725936704,0.0023275823710115946,0.017693888412536586
2.7,0.44782538510775144,0.004292440835182058,0.0269991521768791,0.002452006086336201,0.018147513976246487
2.7333333333333334,0.4462354705917575,0.004396230969174135,0.02789085254771943,0.002581488480190702,0.018583651970582767
2.7666666666666666,0.444664945507974,0.004507995077284725,0.028766006124966433,0.002716210517317434,0.019001502811484036
2.8,0.44311617976239065,0.004627834170455818,0.029622525655812967,0.0028563525535410584,0.019400406688429902
2.8333333333333335,0.44159132355209624,0.0047558179135403795,0.030458438051448905,0.0030020926737587207,0.019779844814453565
2.8666666666666667,0.44009229735780736,0.004891986275287578,0.03127189481750835,0.003153604960919545,0.020139439510850753
2.9,0.4386207844820097,0.00503635122622452,0.03206118105733831,0.003311057702034993,0.020478953179460267
2.933333333333333,0.4371782262648824,0.0051888984394092294,0.03282472292864865,0.0034746115373314557,0.020798286185578753
2.966666666666667,0.4357658200718988,0.005349588967202194,0.033561093474583484,0.0036444175605163513,0.02109747365292645
3.0,0.4343845200940733,0.005518360883323863,0.03426901679414532,0.003820615381393594,0.02137668116125104
3.033333333333333,0.43303504094002326,0.005695130892437838,0.034947370561695695,0.004003331166171202,0.021636199338004113
3.066666666666667,0.4317178639302226,0.005879795918522402,0.03559518694838847,0.004192675675149831,0.021876437347349394
3.1,0.4304332459352842,0.006072234688299195,0.03621165203731333,0.004388742321515272,0.02209791530065252
3.1333333333333333,0.4291812305359439,0.006272309327179042,0.03679610385677726,0.0045916052782301936,0.022301255639869986
3.1666666666666665,0.4279616612268863,0.0064798669831312135,0.037348029180890585,0.004801317662243645,0.02248717357584814
3.2,0.4267741963430552,0.006694741489403711,0.03786705926268431,0.005017909826246498,0.02265646669443058
3.2333333333333334,0.425618325358263,0.006916755070929919,0.03835296467215681,0.005241387787989804,0.02281000387173588
3.2666666666666666,0.4244933861911237,0.007145720092451849,0.03880564941059418,0.005471731825821086,0.022948713663808046
3.3,0.4233985831530713,0.0073814408396353295,0.03922514446434277,0.005708895266735315,0.02307357235348728
3.3333333333333335,0.42233300518632155,0.007623715318377112,0.039611600947424865,0.005952803490065542,0.023185591847885968
3.3666666666666667,0.4212956440626707,0.00787233705257782,0.03996528296475864,0.006203353166158167,0.02328580762299062
3.4,0.420285412245912,0.008127096857197563,0.04028656030800547,0.006460411745183802,0.02337526690789173
3.433333333333333,0.4193011601582707,0.008387784561486224,0.04057590107569805,0.006723817206807615,0.02345501729064502
3.466666666666667,0.4183416926317445,0.008654190656969755,0.04083386428982694,0.006993378076949506,0.023526095911770257
3.5,0.4174057843668036,0.00892610784580317,0.04106109256333159,0.0072688737134358585,0.023589519391067976
3.533333333333333,0.4164921942629571,0.00920333246742423,0.04125830485773707,0.007550054858102897,0.023646274610025376
3.566666666666667,0.4155996785224668,0.009485665784614825,0.04142628935787381,0.007836644448937688,0.02369731044682401
3.6,0.4147270024662262,0.009772915113971421,0.04156589648121308,0.008128338682226432,0.023743530535000633
3.6333333333333333,0.41387295103062477,0.010064894790008633,0.04167803203283788,0.008424808311445658,0.023785787091159975
3.6666666666666665,0.41303633794208156,0.010361426956464458,0.041763650513004576,0.008725700166839873,0.02382487583263934
3.7,0.41221601358947046,0.010662342182619727,0.04182374858232133,0.009030638877272002,0.0238615319833437
3.7333333333333334,0.41141087163270124,0.010967479906415502,0.041859358689277405,0.009339228774027677,0.023896427345591935
3.7666666666666666,0.4106198544009849,0.011276688709660827,0.04187154286570297,0.00965105595476842,0.023930168398056326
3.8,0.4098419571463515,0.011589826433700011,0.04186138669736644,0.009965690484767236,0.02396329536490521
3.8333333333333335,0.40907623122525644,0.011906760146374705,0.041829993478832574,0.01028268871185747,0.023996282189112435
3.8666666666666667,0.4083217862885903,0.012227365973100507,0.041778478563693364,0.010601595671168328,0.02402953733351371
3.9,0.40757779156232266,0.012551528806229298,0.04170796392302718,0.0109219475556759,0.024063405326426274
3.933333333333333,0.4068434763042149,0.012879141907838185,0.04161957292629397,0.01124327422879417,0.024098168964305694
3.966666666666667,0.40611812952166937,0.013210106421495964,0.041514425359736325,0.01156510175568223,0.024134052081755803
4.0,0.40540109903491883,0.013544330808686387,0.04139363269764189,0.011886954930573606,0.024171222798978535
4.033333333333333,0.40469178996838656,0.013881730225257533,0.04125829364155838,0.012208359778255282,0.02420979715818538
4.066666666666666,0.4039896627499023,0.014222225852821579,0.04110948994175322,0.012528846008783956,0.02424984306333256
4.1,0.40329423069472625,0.014565744199255878,0.04094828251392901,0.0128479494056443,0.02429138444153729
4.133333333333334,0.40260505724753876,0.014912216381593636,0.04077570786251264,0.013165214128787423,0.024334405549450995
4.166666666666667,0.40192175295118854,0.015261577403629607,0.040592774819821806,0.01348019491535175,0.024378855353492195
4.2,0.4012439722074235,0.015613765439430584,0.04040046160814172,0.013792459162337213,0.024424651918984682
4.233333333333333,0.40057140988923523,0.01596872113290372,0.04019971322930776,0.014101588877098784,0.02447168674973348
4.266666666666667,0.3999037978605025,0.016326386922367275,0.03999143918385137,0.014407182483191379,0.02451982902625033
4.3,0.39924090145367025,0.016686706397944066,0.03977651151920954,0.014708856470888767,0.02456892969758047
4.333333333333333,0.39858251595050953,0.01704962369848192,0.039555763203948664,0.015006246883525818,0.024618825388369122
4.366666666666666,0.39792846310740265,0.017415082953546112,0.039329986822512736,0.015299010632733522,0.024669342089342645
4.4,0.39727858776013913,0.01778302777497024,0.03909993358263242,0.015586826637561477,0.024720298605682825
4.433333333333334,0.3966327545396158,0.018153400801409144,0.03886631262536904,0.01586939678444428,0.024771509743775788
4.466666666666667,0.3959908447247457,0.01852614329830766,0.03862979062573771,0.01614644670688976,0.024822789222462883
4.5,0.3953527532537498,0.018901194814768978,0.03839099167003618,0.01641772638567604,0.024873952300165404
4.533333333333333,0.39471838591183883,0.019278492897929857,0.038150497394407144,0.016683010572143317,0.02492481811406425
4.566666666666666,0.39408765670820745,0.019657972864583727,0.03790884736778837,0.016942099038904278,0.024975211731865316
4.6,0.3934604854520102,0.020039567629072844,0.037666539701234174,0.01719481666387661,0.025024965920555756
4.633333333333334,0.3928367955335739,0.020423207585780447,0.037424031864714866,0.0174410133549886,0.025073922639948988
4.666666666666667,0.39221651191360024,0.020808820543924054,0.03718174169177368,0.017680563824185955,0.02512193427172747
4.7,0.39159955932069634,0.021196331711858037,0.0369400485520182,0.017913367220452323,0.025168864597129866
4.733333333333333,0.39098586065504337,0.021585663727639634,0.03669929467115879,0.018139346632450305,0.02521458953840675
4.766666666666667,0.3903753355937767,0.021976736732235453,0.0364597865783313,0.018358448472087664,0.025258997680706746
4.8,0.3897678993918711,0.022369468481483062,0.036221796660616784,0.01857064175080117,0.02530199059217662
4.833333333333333,0.3891634618714052,0.02276377449271164,0.03598556480508522,0.01877591726064978,0.02534348296079307
4.866666666666666,0.3885619265899973,0.0231595682218187,0.035751300109240804,0.018974286672409333,0.02538340256682283
4.9,0.3879631901793415,0.023556761266493052,0.035519182641511514,0.019165781562805902,0.025421690109864368
4.933333333333334,0.38736714184330584,0.023955263591344998,0.035289365234264874,0.019350452382776308,0.025458298909196004
4.966666666666667,0.3867736630053263,0.02435498377074395,0.03506197529288457,0.019528367378295,0.02549319449567671
5.0,0.386182627094279,0.024755829245268826,0.03483711660551467,0.01969961147479394,0.025526354112755292
5.033333333333333,0.3855938994578989,0.025157706587866632,0.0346148711392949,0.019864285135619265,0.02555776614327634
5.066666666666666,0.385007337393145,0.025560521776042136,0.03439530081017212,0.020022503204289586,0.025587429477762196
5.1,0.38442279028324017,0.025964180466553965,0.034178449214668255,0.02017439373958054,0.025615352838733542
5.133333333333334,0.3838400998307186,0.026368588269445707,0.033964343313330855,0.020320096851688722,0.02564155407443679
5.166666666666667,0.3832591003772058,0.026773651018477722,0.0337529950569225,0.0204597635469298,0.025666059434104063
5.2,0.38267961929999683,0.02717927503529027,0.03354440294773094,0.02059355458762233,0.025688902835606965
5.233333333333333,0.382101477476782,0.02758536738495677,0.03333855352969097,0.0207216393730122,0.025710125135101434
5.266666666666667,0.3815244898097569,0.027991836120874435,0.0331354228022606,0.02084419484632834,0.025729773407018087
5.3,0.3809484658009584,0.02839859051721605,0.03293497755420338,0.0209614044323169,0.02574790024154786
5.333333333333333,0.3803732101712174,0.02880554128744713,0.03273717661456323,0.02107345700890648,0.0257645630656207
5.366666666666666,0.3797985235153582,0.029212600787709663,0.032541972019195925,0.02118054591601119,0.025779823492286396
5.4,0.37922420298678294,0.02961968320409172,0.03234931009218661,0.021282868003872968,0.025793746702391183
5.433333333333334,0.3786500430048148,0.030026704723090984,0.03215913244240535,0.021380622722812877,0.02580640086150655
5.466666666666667,0.37807583597880845,0.03043358368475157,0.0319713768762362,0.02147401125576057,0.025817856574212702
5.5,0.3775013730430268,0.030840240718225668,0.031785978228255636,0.0215632356945083,0.025828186377069646
5.533333333333333,0.37692644479691506,0.031246598859642497,0.031602869112239265,0.021648498260247298,0.02583746427092478
5.566666666666666,0.37635084204560715,0.03165258365237828,0.03142198059542512,0.021730000568625247,0.025845765292605023
5.6,0.37577435653556196,0.032058123229963424,0.031243242799399027,0.021807942939267567,0.025853165125522576
5.633333333333334,0.3751967816810165,0.03246314838200368,0.03106658543132952,0.0218825237494761,0.025859739748281402
5.666666666666667,0.37461791327684507,0.03286759260362693,0.03089193824955135,0.02195393883161808,0.025865565120003455
5.7,0.3740375501936762,0.033271392129010244,0.030719231467716122,0.02202238091355362,0.025870716900793716
5.733333333333333,0.373455495051651,0.0336744859497566,0.03054839610183687,0.022088039101314728,0.025875270205526338
5.766666666666667,0.3728715548694574,0.03407681581882891,0.030379364264641724,0.022151098403146167,0.025879299388955113
5.8,0.3722855416852322,0.034478326240902496,0.030212069411648616,0.02221173929393906,0.02588287786002422
5.833333333333333,0.3716972731466197,0.03487896445002895,0.03004644654333202,0.02227013731901873,0.025886077923174385
5.866666666666666,0.3711065730672978,0.03527868037549499,0.029882432367674138,0.02232646273620414,0.025888970644399763
5.9,0.3705132719478438,0.03567742659690986,0.02971996542724873,0.022380880195025675,0.025891625739806377
5.933333333333334,0.3699172074587614,0.036075158289387406,0.029558986194842464,0.02243354845196039,0.025894111484449603
5.966666666666667,0.36931822488406457,0.036471833159895946,0.029399437141421795,0.02248462012052993,0.025896494639280242
6.0,0.3687161775239957,0.036867411375680864,0.02924126278004766,0.022534241455095423,0.025898840394102864
6.033333333333333,0.36811092705587456,0.037261855485835674,0.02908440968911427,0.022582552167181132,0.025901212324541442
6.066666666666666,0.3675023438522174,0.037655130336847406,0.02892882651805655,0.022629685273151377,0.025903672361113007
6.1,0.36689030725562505,0.038047202983183204,0.028774463978418117,0.022675766972074244,0.025906280768625937
6.133333333333334,0.36627470581027505,0.03843804259376666,0.02862127482293589,0.022720916552588274,0.025909096134243522
6.166666666666667,0.36565543745006135,0.03882762035522831,0.02846921381504284,0.022765246327609023,0.02591217536268223
6.2,0.3650324096436798,0.0392159093728206,0.028318237690952434,0.02280886159569567,0.02591557367714599
6.233333333333333,0.36440553949737464,0.03960288456976009,0.02816830511624717,0.022851860627912685,0.02591934462473018
6.266666666666667,0.36377475381593466,0.039988522585795744,0.028019376638671063,0.022894334679003828,0.025923540085160682
6.3,0.36313998912329987,0.040372801675708704,0.027871414638598692,0.02293636802171592,0.025928210281862554
6.333333333333333,0.36250119164362,0.04075570160842078,0.02772438327845512,0.022978038003083685,0.025933403794478473
6.366666666666666,0.36185831724475204,0.04113720356734358,0.02757824845215648,0.02301941512151269,0.02593916757207795
6.4,0.3612113313452423,0.041517290052531,0.027432977735471927,0.023060563123467562,0.025945546946413815
6.433333333333334,0.3605602087867774,0.04189594478514719,0.027288540338021198,0.02310153911859999,0.02595258564469181
6.466666666666667,0.3599049336741118,0.04227315261475465,0.027144907057491872,0.023142393712121612,0.025960325801421685
6.5,0.35924549918432674,0.04264889942979143,0.027002050236497,0.02318317115325442,0.025968807969013963
6.533333333333333,0.35858190734739087,0.04302317207163507,0.02685994372238586,0.023223909498569638,0.02597807112687508
6.566666666666666,0.3579141688003189,0.04339595825257215,0.0267185628301951,0.023264640789046616,0.025988152688834372
6.6,0.3572423025171117,0.04376724647787676,0.026577884308839422,0.023305391239673984,0.025999088508810442
6.633333333333334,0.35656633551655836,0.04413702597231671,0.026437886310543023,0.02334618144042947,0.02601091288469049
6.666666666666667,0.3558863025502771,0.04450528661117706,0.02629854836344655,0.023387026567487822,0.02602365856045527
6.7,0.355202245773151,0.04487201885590373,0.02615985134725665,0.0234279366034989,0.02603735672663446
6.733333333333333,0.3545142143983961,0.045237213694560637,0.026021777471750107,0.023468916565815238,0.026052037019222127
6.766666666666667,0.353822264339392,0.04560086258703339,0.025884310257905746,0.023509966741546342,0.02606772751722059
6.8,0.35312645784051183,0.04596295741501046,0.02574743452139492,0.02355108292834377,0.026084454739013146
6.833333333333333,0.3524268630988676,0.04632349043674773,0.025611136358145613,0.023592256679838275,0.026102243637792105
6.866666666666666,0.3517235538792274,0.046682454246498535,0.025475403131657824,0.02363347555468397,0.02612111759628935
6.9,0.351016609123733,0.04703984173854354,0.025340223461756854,0.02367472336817423,0.026141098421071485
6.933333333333334,0.35030611255860444,0.04739564607570602,0.025205587214445036,0.02371598044544192,0.026162206336672027
6.966666666666667,0.34959215229927665,0.04774986066216427,0.02507148549251773,0.023757223875277476,0.026184459979838513
7.0,0.34887482045595963,0.04810247912043946,0.024937910626618657,0.023798427763633903,0.026207876394173754
7.033333333333333,0.3481542127409418,0.048453495272337097,0.02480485616639975,0.023839563485933336,0.026232471025447908
7.066666666666666,0.3474304280792683,0.048802903123662485,0.024672316871477775,0.023880599937314482,0.026258257717851827
7.1,0.3467035682240601,0.04915069685246361,0.02454028870188121,0.023921503780017613,0.026285248711452835
7.133333333333334,0.3459737373779412,0.049496870800596,0.024408768807701684,0.02396223968713673,0.02631345464110207
7.166666666666667,0.34524104182146237,0.04984141946837157,0.024277755517678593,0.024002770582011487,0.02634288453702747
7.2,0.34450558954977717,0.05018433751201068,0.0241472483264678,0.024043057872591422,0.02637354582733009
7.233333333333333,0.3437674899186129,0.05052561974371976,0.0240172478803617,0.024083061680134348,0.026405444342582133
7.266666666666667,0.3430268533001223,0.050865261134038484,0.023887755961254704,0.024122741061663917,0.026438584322705252
7.3,0.34228379074962556,0.05120325681633305,0.023758775468663326,0.024162054225653592,0.02647296842628554
7.333333333333333,0.3415384136839045,0.051539602093066544,0.02363031039964086,0.02420095874045283,0.026508597742459367
7.366666666666666,0.34079083357142476,0.05187429244368673,0.023502365826443137,0.024239411735026205,0.02654547180548045
7.4,0.34004116163526815,0.05220732353383809,0.023374947871829282,0.02427737009161972,0.026583588612054943
7.433333333333334,0.33928950856900625,0.052538691225716146,0.023248063681903904,0.02431479063002562,0.02662294464150692
7.466666666666667,0.33853598426586395,0.052868391589271535,0.02312172139642814,0.024351630283159505,0.026663534878812564
7.5,0.33778069756154067,0.05319642091410983,0.02299593011655441,0.024387846263711283,0.026705352840517237
7.533333333333333,0.3370237559907005,0.05352277572186552,0.0228706998699548,0.024423396221686277,0.02674839060352614
7.566666666666666,0.33626526555756164,0.053847452778820366,0.022746041573348297,0.02445823839269155,0.026792638836736053
7.6,0.3355053305201504,0.05417044910864668,0.02262196699243415,0.024492331736870196,0.026838086835453558
7.633333333333334,0.33474405318881395,0.05449176200504877,0.022498488699280495,0.02452563606842939,0.02688472255852359
7.666666666666667,0.33398153373849576,0.054811389044192534,0.02237562002721819,0.02455811217575043,0.026932532668072058
7.7,0.3332178700349193,0.055129328096752826,0.022253375023326517,0.0245897219321042,0.026981502571747144
7.733333333333333,0.3324531574743352,0.05544557733943945,0.02213176839859905,0.02462042839704127,0.027031616467326106
7.766666666666667,0.33168748883699756,0.05576013526595443,0.022010815475908278,0.02465019590855658,0.027082857389538268
7.8,0.3309209541536949,0.05607300069719552,0.021890532135895584,0.024678990166156465,0.027135207258939895
7.833333333333333,0.3301536405855555,0.05638417279066847,0.021770934760932777,0.024706778304999927,0.027188646932663815
7.866666666666666,0.329385632316422,0.05669365104902783,0.021652040177312214,0.02473352896130842,0.027243156256854847
7.9,0.3286170104577902,0.05700143532769897,0.021533865595837583,0.024759212329255365,0.02729871412059264
7.933333333333334,0.32784785296601066,0.05730752584148748,0.02141642855099615,0.024783800209594187,0.02735529851109523
7.966666666666667,0.3270782345710011,0.05761192317021013,0.021299746838906685,0.02480726605027639,0.027412886569990674
8.0,0.3263082267167751,0.05791462826328464,0.02118383845424471,0.024829584979358665,0.027471454650439348
8.033333333333333,0.3255378975126962,0.05821564244324253,0.02106872152635045,0.024850733830490877,0.02753097837488697
8.066666666666666,0.3247673116956606,0.05851496740824526,0.020954414254740306,0.024870691161310306,0.02759143269322725
8.1,0.3239965306024871,0.058812605233535264,0.02084093484423412,0.02488943726506474,0.027652791941153762
8.133333333333333,0.32322561215215345,0.05910855837185637,0.020728301439930808,0.02490695417581125,0.02771502989848291
8.166666666666666,0.32245461083770083,0.059402829652914296,0.020616532062247513,0.024923225667528043,0.027778119847233572
8.2,0.3216835777270426,0.05969542228185791,0.02050564454225766,0.02493823724750654,0.027842034629254376
8.233333333333333,0.3209125604725428,0.059986339836847875,0.020395656457546832,0.024951976144360937,0.027906746703196116
8.266666666666667,0.3201416033288817,0.06027558626574319,0.02028658506881431,0.024964431291034032,0.027972228200634712
8.3,0.319370747178771,0.06056316588199382,0.020178447257438226,0.024975593303141537,0.02803845098115929
8.333333333333334,0.31860002956612876,0.06084908335973024,0.020071259464223168,0.02498545445301906,0.028105386686249914
8.366666666666667,0.31782948473637423,0.06113334372816918,0.01996503762953979,0.024994008639821378,0.02817300679178069
8.4,0.3170591436833433,0.06141595236535782,0.019859797135061183,0.025001251356022415,0.028241282658995646
8.433333333333334,0.3162890342024389,0.06169691499134342,0.019755552747293837,0.025007179650655374,0.02831018558381752
8.466666666666667,0.3155191809499109,0.061976237660806836,0.019652318563090215,0.025011792089629788,0.028379686844362432
8.5,0.31474960550740294,0.06225392675523713,0.019550107957323024,0.025015088713443337,0.028449757746547025
8.533333333333333,0.31398032645176155,0.06252998897472502,0.019448933532890626,0.025017070992609063,0.028520369667688446
8.566666666666666,0.313211359429743,0.06280443132939183,0.019348807073210014,0.02501774178109676,0.028591494098011396
8.6,0.312442717237007,0.06307726113057856,0.01924973949734424,0.025017105268080816,0.028663102679990487
8.633333333333333,0.31167440990130924,0.06334848598178335,0.019151740817898534,0.025015166928274664,0.028735167245470195
8.666666666666666,0.31090644476940127,0.06361811376948452,0.01905482010180807,0.025011933471116226,0.028807659850518093
8.7,0.3101388265974361,0.06388615265379063,0.018958985434121698,0.025007412789055886,0.028880552807981016
8.733333333333333,0.30937155764447066,0.06415261105912244,0.018864243884882115,0.025001613905189214,0.028953818717726263
8.766666666666667,0.30860463776869446,0.06441749766480641,0.018770601479179094,0.024994546920451555,0.029027430494563064
8.8,0.30783806452630647,0.06468082139576706,0.018678063170446606,0.024986222960593274,0.029101361393851277
8.833333333333334,0.3070718332724693,0.06494259141324772,0.018586632817057212,0.024976654123121493,0.02917558503481579
8.866666666666667,0.3063059372642602,0.06520281710565985,0.018496313162253013,0.024965853424400164,0.029250075421595887
8.9,0.30554036776529014,0.06546150807961307,0.01840710581744022,0.024953834747063294,0.029324806962068704
8.933333333333334,0.30477511415164077,0.06571867415103824,0.018319011248862586,0.024940612787906956,0.02939975448449536
8.966666666666667,0.30401016401900205,0.06597432533658001,0.018232028767650097,0.024926203006388536,0.029474893252046486
9.0,0.3032455032905696,0.06622847184516423,0.01814615652323286,0.024910621573866417,0.02955019897527171
9.033333333333333,0.3024811163257351,0.06648112406979939,0.0180613915000932,0.024893885323687,0.029625647822584228
9.066666666666666,0.301716986029013,0.06673229257964715,0.017977729517820607,0.024876011702228418,0.02970121642883752
9.1,0.3009530939592324,0.06698198811228795,0.017895165234417417,0.02485701872097489,0.029776881902076467
9.133333333333333,0.300189420438596,0.06723022156629545,0.01781369215279765,0.02483692490971422,0.029852621828548972
9.166666666666666,0.299425944661549,0.0674770039940347,0.017733302630406338,0.02481574927091322,0.029928414276067905
9.2,0.2986626448032213,0.06772234659469295,0.017653987891882494,0.024793511235332372,0.03000423779581572
9.233333333333333,0.29789949812693267,0.06796626070760471,0.017575738044669525,0.024770230618919538,0.030080071422685654
9.266666666666667,0.29713648109125473,0.0682087578057686,0.017498542097481896,0.024745927581030006,0.030155894674254904
9.3,0.2963735694556365,0.06844984948959135,0.01742238798151531,0.024720622583988522,0.030231687548485275
9.333333333333334,0.29561073838505386,0.06868954748085628,0.01734726257429231,0.02469433635402547,0.030307430520246738
9.366666666666667,0.29484796255324974,0.06892786361685557,0.017273151726017944,0.024667089843591214,0.030383104536758423
9.4,0.2940852162442523,0.06916480984473013,0.01720004028832344,0.024638904195064384,0.030458691012040306
9.433333333333334,0.2933224734524508,0.06940039821592114,0.017127912145264622,0.024609800705848887,0.030534171820466794
9.466666666666667,0.2925597079805345,0.06963464088075849,0.017056750246439163,0.02457980079485751,0.030609529289511515
9.5,0.2917968935357026,0.06986755008321024,0.016986536642085076,0.02454892597037877,0.03068474619176937
9.533333333333333,0.29103400382351674,0.07009913815558272,0.01691725252001566,0.024517197799305158,0.030759805736339487
9.566666666666666,0.290271012639693,0.07032941751343108,0.016848878244247637,0.024484637877714807,0.03083469155964911
9.6,0.2895078939593042,0.07055840065039604,0.016781393395173927,0.02445126780278356,0.03090938771579492
9.633333333333333,0.2887446220236769,0.07078610013305801,0.016714776811135774,0.024417109146007508,0.030983878666474906
9.666666666666666,0.2879811714245822,0.07101252859580685,0.016649006631242514,0.02438218342771218,0.0310581492705797
9.7,0.28721751718573024,0.07123769873562572,0.01658406033929436,0.024346512092821702,0.03113218477350879
9.733333333333333,0.2864536348414349,0.07146162330682623,0.01651991480865584,0.0243101164878637,0.031205970796272808
9.766666666666667,0.2856895005125448,0.0716843151156773,0.016456546347938188,0.024273017839180226,0.03127949332443928
9.8,0.28492509097916285,0.07190578701490041,0.016393930747342553,0.024235237232318196,0.03135273869697535
9.833333333333334,0.28416038375054914,0.07212605189804834,0.016332043325520518,0.024196795592569292,0.0314256935950371
9.866666666666667,0.28339535713175024,0.0723451226937168,0.01627085897681497,0.024157713666632073,0.03149834503075133
9.9,0.28262999028720687,0.07256301235952871,0.016210352218741352,0.024118012005364634,0.031570680336032025
9.933333333333334,0.28186426330099834,0.07277973387598939,0.0161504972395752,0.024077710947602936,0.03164268715147051
9.966666666666667,0.28109815723391013,0.0729953002400656,0.016091267945918003,0.024036830605013184,0.031714353415334316
10.0,0.2803316541772111,0.07320972445855575,0.016032638010112368,0.023995390847950583,0.03178566735270747
10.033333333333333,0.27956473730303627,0.07342301954123844,0.015974580917386894,0.02395341129229952,0.03185661746480116
10.066666666666666,0.2787973909114077,0.07363519849370515,0.01591707001261225,0.023910911287264563,0.03192719251846134
10.1,0.27802960047392916,0.07384627431001406,0.015860078546555856,0.023867909904086153,0.03199738153589726
10.133333333333333,0.27726135267414925,0.07405625996499429,0.015803579721529393,0.02382442592565835,0.03206717378465197
10.166666666666666,0.2764926354442878,0.07426516840635011,0.015747546736324593,0.023780477837018185,0.03213655876783446
10.2,0.2757234379989122,0.07447301254643658,0.0156919528303423,0.023736083816683136,0.032205526214630034
10.233333333333333,0.2749537508650182,0.07467980525380376,0.015636771326821928,0.023691261728817005,0.03227406607110457
10.266666666666667,0.2741835659087239,0.07488555934445323,0.015581975675088027,0.023646029116186913,0.032342168491315895
10.3,0.27341287635882433,0.0750902875728527,0.015527539491729718,0.023600403193903635,0.03240982382874434
10.333333333333334,0.27264167682689394,0.07529400262265946,0.015473436600642517,0.02355440084390992,0.03247702262805303
10.366666666666667,0.27186996332408475,0.07549671709725454,0.015419641071861712,0.023508038610197176,0.03254375561718722
10.4,0.2710977332748345,0.0756984435099996,0.015366127259123794,0.023461332694725855,0.03261001369982065
10.433333333333334,0.27032498552730616,0.07589919427429875,0.01531286983610001,0.023414298954030577,0.032675787948156385
10.466666666666667,0.2695517203606987,0.07609898169348564,0.01525984383124904,0.02336695289648016,0.032741069596087864
10.5,0.26877793948953654,0.07629781795048246,0.015207024661242826,0.02331930968017108,0.03280585003272591
10.533333333333333,0.26800364606489774,0.076495715097337,0.015154388162925948,0.02327138411143839,0.032870120796296046
10.566666666666666,0.26722884467277663,0.07669268504462055,0.015101910623771045,0.02322319064394742,0.032933873568409926
10.6,0.26645354132953986,0.07688873955069218,0.015049568810802747,0.023174743378355435,0.03299710016871435
10.633333333333333,0.26567774347460377,0.07708389021092535,0.014997339997963481,0.02312605606250831,0.03305979254991995
10.666666666666666,0.2649014599603965,0.07727814844679452,0.014945201991902494,0.023077142092160184,0.033121942793211935
10.7,0.2641247010398757,0.0774715254950276,0.014893133156172564,0.023028014512179614,0.033183543104044
10.733333333333333,0.26334747835114736,0.07766403239669695,0.014841112433825274,0.022978686018227945,0.033244585808316074
10.766666666666667,0.2625698049001304,0.07785567998633339,0.014789119368398404,0.02292916895887917,0.03330506334893635
10.8,0.2617916950405207,0.07804647888115969,0.014737134123294686,0.022879475338160038,0.033364968282766784
10.833333333333334,0.26101316445166695,0.07823643947035312,0.014685137499555585,0.022829616818483764,0.03342429327795133
10.866666666666667,0.26023423011432717,0.07842557190446378,0.014633110952036791,0.022779604723954853,0.033483031111624866
10.9,0.2594549102843579,0.07861388608498023,0.01458103660399696,0.02272945004401548,0.03354117466800071
10.933333333333334,0.2586752244645115,0.07880139165409877,0.01452889726011449,0.022679163437417937,0.03359871693683344
10.966666666666667,0.2578951933743537,0.07898809798468723,0.014476676417949925,0.022628755236485824,0.033655651012253276
11.0,0.25711483891853676,0.0791740141705344,0.01442435827787676,0.0225782354516505,0.03371197009196752
11.033333333333333,0.2563341841534333,0.07935914901685771,0.014371927751504353,0.022527613776233784,0.033767667476823575
11.066666666666666,0.25555325325231715,0.07954351103114246,0.014319370468620946,0.022476899591451504,0.03382273657072757
11.1,0.2547720714690605,0.07972710841432014,0.014266672782686647,0.022426101971617474,0.03387717088091149
11.133333333333333,0.2539906651006992,0.07990994905232787,0.014213821774909118,0.022375229689524535,0.03393096401854102
11.166666666666666,0.2532090614486675,0.08009204050806694,0.014160805256937848,0.022324291221975635,0.03398410969965536
11.2,0.2524272887791148,0.0802733900137959,0.014107611772212118,0.022273294755448123,0.034036601746429716
11.233333333333333,0.25164537628214095,0.08045400446399992,0.014054230596003843,0.022222248191868403,0.03408843408874954
11.266666666666667,0.25086335403030663,0.0806338904086844,0.014000651734193998,0.022171159154473253,0.034139600766085715
11.3,0.25008125293625666,0.08081305404727054,0.013946865920825892,0.02212003499374131,0.03419009592965807
11.333333333333334,0.24929910470982017,0.08099150122291726,0.01389286461447843,0.022068882793374975,0.03423991384487445
11.366666666666667,0.24851694181450937,0.08116923741745369,0.013838639993503866,0.022017709376313158,0.0342890488940313
11.4,0.24773479742354268,0.081346267746864,0.013784184950176182,0.021966521310758123,0.034337495579261065
11.433333333333334,0.24695270537558656,0.08152259695733172,0.013729493083795312,0.021915324916201358,0.034385248525710864
11.466666666666667,0.24617070013017658,0.0816982294219362,0.013674558692795753,0.02186412626943221,0.034432302484936284
11.5,0.24538881672301568,0.08187316913786824,0.013619376765906143,0.02181293121051554,0.03447865233849325
11.533333333333333,0.24460709072116238,0.08204741972434326,0.013563942972407275,0.021761745348723115,0.03452429310171038
11.566666666666666,0.2438255581782271,0.08222098442110848,0.013508253651539475,0.021710574068413525,0.03456921992762355
11.6,0.24304425558970932,0.08239386608759149,0.013452305801102129,0.021659422534838747,0.034613428111054084
11.633333333333333,0.2422632198484131,0.0825660672026692,0.01339609706530006,0.021608295699881118,0.03465691309281114
11.666666666666666,0.24148248820020907,0.08273758986509719,0.013339625721879347,0.021557198307698713,0.034699670463998813
11.7,0.2407020982000239,0.08290843579456697,0.013282890668603052,0.02150613490028172,0.034741695970407965
11.733333333333333,0.23992208766825054,0.08307860633339614,0.013225891409113733,0.021455109822911413,0.03478298551697247
11.766666666666667,0.23914249464770349,0.08324810244886643,0.013168628038228271,0.021404127229508303,0.03482353517226971
11.8,0.2383633573609199,0.08341692473618766,0.013111101226713025,0.02135319108788061,0.034863341173044564
11.833333333333334,0.23758471416816554,0.08358507342204405,0.013053312205583865,0.021302305184853824,0.03490239992873669
11.866666666666667,0.2368066035260523,0.08375254836880937,0.012995262749975107,0.021251473131290083,0.03494070802599045
11.9,0.2360290639468678,0.08391934907931366,0.012936955162622879,0.021200698366992926,0.034978262233127305
11.933333333333334,0.23525213395852712,0.08408547470221175,0.012878392257005182,0.021149984165493175,0.03501505950456081
11.966666666666667,0.2344758520655175,0.08425092403791565,0.012819577340179678,0.021099333638723627,0.035051096985134166
12.0,0.23370025671045816,0.08441569554509756,0.01276051419536225,0.021048749741576073,0.03508637201436137
12.033333333333333,0.2329253862366643,0.0845797873476819,0.012701207064284454,0.02099823527635153,0.03512088213055295
12.066666666666666,0.23215127885161913,0.08474319724242461,0.01264166062937031,0.020947792897092105,0.03515462507480807
12.1,0.23137797259131204,0.0849059227068881,0.01258187999576876,0.020897425113817578,0.03518759879485537
12.133333333333333,0.2306055052855822,0.08506796090800577,0.012521870673278857,0.02084713429664953,0.03521980144872554
12.166666666666666,0.22983391452452664,0.08522930871097893,0.012461638558204206,0.020796922679843583,0.03525123140823954
12.2,0.22906323762584702,0.08538996268868122,0.01240118991516754,0.020746792365722442,0.03528188726229695
12.233333333333333,0.22829351160326145,0.08554991913144604,0.01234053135892327,0.02069674532852347,0.03531176781995017
12.266666666666667,0.22752477313606137,0.08570917405715897,0.012279669836193394,0.020646783418160106,0.03534087211325063
12.3,0.22675705853963327,0.08586772322182774,0.01221861260756318,0.02059690836390469,0.035369199399854605
12.333333333333334,0.22599040373717685,0.08602556213033051,0.012157367229461518,0.02054712177799765,0.035396749165376995
12.366666666666667,0.22522484423247874,0.08618268604758084,0.012095941536254337,0.020497425159187697,0.03542352112548255
12.4,0.22446041508384232,0.08633909000984356,0.012034343622479762,0.020447819896212447,0.03544951522770493
12.433333333333334,0.22369715087907704,0.08649476883639304,0.011972581825247644,0.02039830727121767,0.03547473165298549
12.466666666666667,0.22293508571171933,0.08664971714130262,0.011910664706827471,0.02034888846312888,0.035499170816924185
12.5,0.22217425315832,0.08680392934543275,0.011848601037449514,0.020299564550972475,0.035522833370736785
12.533333333333333,0.22141468625681307,0.08695739968860901,0.01178639977833791,0.020250336517159927,0.035545720201913225
12.566666666666666,0.2206564174861338,0.08711012224186114,0.01172407006499748,0.020201205250731016,0.03556783243457311
12.6,0.21989947874690474,0.08726209091980928,0.011661621190771809,0.020152171550568105,0.035589171429515926
12.633333333333333,0.21914390134319833,0.08741329949308452,0.011599062590692131,0.02010323612858075,0.03560973878396402
12.666666666666666,0.21838971596548318,0.08756374160079533,0.011536403825630573,0.02005439961286867,0.03562953633099792
12.7,0.21763695267464198,0.0877134107630551,0.01147365456677596,0.020005662550861305,0.03564856613868457
12.733333333333333,0.2168856408871047,0.08786230039340866,0.011410824580444687,0.019957025412445564,0.035666830508900065
12.766666666666667,0.21613580936099702,0.08801040381128865,0.011347923713238993,0.01990848859307233,0.035684331975849345
12.8,0.21538748618347114,0.08815771425439997,0.011284961877567192,0.019860052416859137,0.03570107330428664
12.833333333333334,0.214640698758996,0.08830422489100082,0.011221949037532434,0.019811717139677543,0.035717057487441126
12.866666666666667,0.21389547379872548,0.08844992883208065,0.011158895195203217,0.019763482952234047,0.03573228774465326
12.9,0.21315183731086898,0.08859481914341717,0.011095810377273928,0.019715349983146856,0.03574676751872801
12.933333333333334,0.2124098145921361,0.08873888885745096,0.011032704622120092,0.019667318302011683,0.03576050047301235
12.966666666666667,0.21166943022004606,0.0888821309850401,0.010969587967258655,0.019619387922465818,0.03577349048820477
13.0,0.21093070804634242,0.0890245385269647,0.010906470437216828,0.019571558805245238,0.035785741658905336
13.033333333333333,0.21019367119125892,0.08916610448524914,0.010843362031814753,0.019523830861234565,0.035797258289915874
13.066666666666666,0.2094583420387203,0.0893068218742501,0.010780272714865856,0.019476203954510225,0.0358080448922999
13.1,0.20872474223254628,0.08944668373153764,0.010717212403298145,0.01942867790537671,0.03581810617921291
13.133333333333333,0.2079928926734248,0.08958568312841078,0.010654190956698303,0.01938125249338986,0.035827447061513945
13.166666666666666,0.2072628135167702,0.08972381318029915,0.010591218167279601,0.019333927460370992,0.03583607264316973
13.2,0.20653452417151166,0.08986106705671745,0.01052830375027524,0.019286702513404055,0.03584398821646337
13.233333333333333,0.2058080432996185,0.08999743799102408,0.010465457334755682,0.019239577327818894,0.03585119925701948
13.266666666666667,0.20508338881641824,0.09013291928986926,0.010402688454869823,0.019192551550151718,0.03585771141865828
13.3,0.20436057789172413,0.09026750434224108,0.010340006541508148,0.019145624801084983,0.035863530528091145
13.333333333333334,0.20363962695174154,0.09040118662830701,0.010277420914385677,0.019098796678359946,0.03586866257947044
13.366666666666667,0.20292055168158785,0.0905339597278004,0.010214940774541468,0.01905206675965939,0.035873113728806444
13.4,0.20220336702863909,0.09066581732814925,0.010152575197251792,0.019005434605457876,0.03587689028826432
13.433333333333334,0.2014880872065222,0.09079675323225353,0.010090333125352124,0.018958899761834246,0.03587999872035393
13.466666666666667,0.20077472569969124,0.09092676136586302,0.01002822336296387,0.01891246176324251,0.0358824456320257
13.5,0.20006329526874667,0.09105583578464999,0.009966254569620345,0.018866120135237967,0.03588423776868479
13.533333333333333,0.19935380795631008,0.09118397068092365,0.009904435254786442,0.01881987439715352,0.035885382008136804
13.566666666666666,0.19864627509346405,0.09131116038993896,0.009842773772765797,0.01877372406472466,0.03588588535447715
13.6,0.19794070730681265,0.09143739939590616,0.009781278317989453,0.01872766865265231,0.03588575493193644
13.633333333333333,0.19723711452603562,0.09156268233765787,0.009719956920677396,0.018681707677109725,0.03588499797869401
13.666666666666666,0.19653550599201455,0.09168700401386658,0.009658817442868697,0.018635840658178332,0.035883621840671266
13.7,0.19583589026539808,0.09181035938801267,0.009597867574807852,0.018590067122218445,0.0358816339653162
13.733333333333333,0.19513827523567912,0.09193274359295234,0.009537114831685274,0.018544386604162,0.03587904189539035
13.766666666666667,0.19444266813072394,0.09205415193512213,0.009476566550717977,0.018498798649731498,0.03587585326276889
13.8,0.19374907552674162,0.09217457989848317,0.009416229888565218,0.01845330281757668,0.03587207578226387
13.833333333333334,0.19305750335861077,0.09229402314800265,0.00935611181906939,0.01840789868132458,0.03586771724548115
13.866666666666667,0.19236795693069814,0.09241247753293519,0.009296219131312757,0.018362585831545333,0.035862785514719886
13.9,0.1916804409279707,0.09252993908966686,0.009236558427981401,0.018317363877624327,0.035857288516924046
13.933333333333334,0.19099495942743622,0.09264640404431775,0.009177136124026129,0.01827223244954203,0.03585123423769436
13.966666666666667,0.19031151591003242,0.09276186881499018,0.009117958445611005,0.01822719119955515,0.03584463071536885
14.0,0.1896301132727074,0.09287633001374151,0.009059031429341145,0.018182239803781843,0.03583748603517976
14.033333333333333,0.18895075384084348,0.09298978444821837,0.009000360921757091,0.01813737796368293,0.03582980832349366
14.066666666666666,0.18827343938097588,0.09310222912306002,0.00894195257908908,0.018092605407440558,0.035821605742142056
14.1,0.18759817111369412,0.09321366124092362,0.008883811867258267,0.018047921891233238,0.03581288648284796
14.133333333333333,0.1869249497269201,0.09332407820340144,0.008825944062117707,0.018003327200403058,0.03580365876175486
14.166666666666666,0.1862537753892099,0.09343347761146226,0.008768354249920543,0.01795882115051462,0.035793930814062805
14.2,0.1855846477634652,0.0935418572658592,0.00871104732800724,0.017914403588308737,0.03578371088877668
14.233333333333333,0.1849175660206606,0.0936492151670903,0.008654028005700557,0.017870074392543293,0.035773007243570874
14.266666666666667,0.18425252885385177,0.09375554951528438,0.008597300805399307,0.01782583347472697,0.03576182813977427
14.3,0.18358953449229348,0.09386085870976309,0.008540870063860468,0.017781680779743844,0.03575018183747882
14.333333333333334,0.18292858071570126,0.09396514134842332,0.008484739933659346,0.017737616286365807,0.035738076590774805
14.366666666666667,0.18226966486862364,0.09406839622690433,0.008428914384819238,0.017693640007661365,0.03572552064311525
14.4,0.18161278387495272,0.09417062233758096,0.008373397206599858,0.017649751991290378,0.03571252222281168
14.433333333333334,0.18095793425247259,0.09427181886830772,0.008318192009435618,0.017605952319697808,0.03569908953866294
14.466666666666667,0.18030511212758749,0.09437198520106202,0.008263302227013686,0.01756224111019671,0.0356852307757182
14.5,0.17965431324994452,0.09447112091036303,0.008208731118483525,0.01751861851495149,0.035670954091175655
14.533333333333333,0.17900553300730754,0.09456922576155145,0.008154481770788046,0.017475084720855544,0.03565626761041698
14.566666666666666,0.17835876644029527,0.09466629970890864,0.008100557101107648,0.017431639949310945,0.035641179423178126
14.6,0.17771400825722697,0.09476234289365304,0.008046959859408623,0.01738828445590824,0.03562569757985655
14.633333333333333,0.17707125284899003,0.09485735564178242,0.007993692631087205,0.01734501853001372,0.03560983008795425
14.666666666666666,0.17643049430383403,0.09495133846181301,0.007940757839700783,0.017301842494259295,0.03559358490865625
14.7,0.1757917264222091,0.09504429204234988,0.007888157749778085,0.017258756703947345,0.03557696995354371
14.733333333333333,0.1751549427315323,0.0951362172496535,0.007835894469701109,0.01721576154636492,0.035559993081440325
14.766666666666667,0.17452013650096007,0.09522711512500084,0.0077839699546503605,0.01717285744001667,0.03554266209539098
14.8,0.17388730075606204,0.09531698688199798,0.007732386009605732,0.017130044833776392,0.03552498473977092
14.833333333333334,0.17325642829344737,0.09540583390383,0.007681144292396971,0.017087324205961485,0.0355069686975238
14.866666666666667,0.17262751169532298,0.0954936577403803,0.007630246316795156,0.01704469606333617,0.03548862158752682
14.9,0.17200054334394616,0.09558046010537276,0.007579693455640243,0.017002160940043837,0.03546995096208062
14.933333333333334,0.1713755154359827,0.09566624287330146,0.007529486943996407,0.016959719396473127,0.035450964304522166
14.966666666666667,0.17075241999677832,0.09575100807648476,0.007479627882329895,0.016917372018067388,0.035431669026957845
15.0,0.17013124889448494,0.09583475790192642,0.00743011723970404,0.016875119414070418,0.035412072468114765
15.033333333333333,0.16951199385404342,0.09591749468818565,0.0073809558569837425,0.01683296221622331,0.03539218189130751
15.066666666666666,0.1688946464710699,0.09599922092225292,0.007332144450046287,0.016790901077412587,0.03537200448251784
15.1,0.1682791982255604,0.09607993923629163,0.007283683612991398,0.01674893667027117,0.03535154734858469
15.133333333333333,0.16766564049545152,0.09615965240445497,0.007235573821346618,0.016707069685740573,0.035330817515501725
15.166666666666666,0.16705396456997962,0.09623836333963703,0.007187815435263504,0.016665300831597174,0.03530982192681978
15.2,0.16644416166291115,0.09631607509016192,0.0071404087026986935,0.016623630830946406,0.03528856744215131
15.233333333333333,0.16583622292552858,0.09639279083658818,0.007093353762577933,0.016582060420689142,0.03526706083577422
15.266666666666667,0.16523013945950202,0.09646851388833703,0.00704665064793698,0.016540590349965276,0.03524530879533205
15.3,0.1646259023294601,0.09654324768045758,0.007000299289037232,0.016499221378578958,0.03522331792062804
15.333333333333334,0.1640235025754218,0.09661699577033096,0.006954299516451617,0.016457954275407423,0.035201094722509964
15.366666666666667,0.1634229312249598,0.0966897618343584,0.006908651064118444,0.016416789816801697,0.03517864562184325
15.4,0.16282417930517562,0.09676154966470749,0.006863353572359479,0.01637572878497818,0.03515597694856951
15.433333333333334,0.1622272378544132,0.09683236316602357,0.006818406590859755,0.01633477196641002,0.03513309494084782
15.466666666666667,0.16163209793372385,0.09690220635221988,0.006773809581606957,0.016293920150219094,0.0351100057442761
15.5,0.16103875063810813,0.0969710833431516,0.006729561921787805,0.016253174126572793,0.03508671541119014
15.533333333333333,0.16044718710749523,0.09703899836147512,0.006685662906639092,0.016212534685091137,0.035063229900037345
15.566666666666666,0.15985739853741374,0.09710595572939908,0.006642111752252187,0.01617200261326649,0.035039555074823155
15.6,0.15926937618947803,0.09717195986550375,0.006598907598328715,0.016131578694898487,0.03501569670462744
15.633333333333333,0.15868311140151498,0.09723701528162844,0.0065560495108865045,0.016091263708550546,0.034991660463188495
15.666666666666666,0.15809859559744494,0.09730112657966948,0.0065135364849139045,0.016051058426027862,0.0349674519285525
15.7,0.15751582029689853,0.09736429844855979,0.006471367446972036,0.016010963610883444,0.03494307658278606
15.733333333333333,0.1569347771245245,0.09742653566111087,0.006429541257743622,0.015970980016951193,0.034918539811749666
15.766666666666667,0.15635545781895732,0.09748784307105149,0.006388056714527832,0.015931108386913882,0.03489384690493013
15.8,0.15577785424156684,0.09754822560996387,0.006346912553680601,0.015891349450904268,0.03486900305532976
15.833333333333334,0.15520195838483378,0.09760768828432302,0.006306107452999889,0.01585170392514494,0.03484401335941044
15.866666666666667,0.15462776238045883,0.09766623617254196,0.006265640034055421,0.01581217251062756,0.03481888281709085
15.9,0.15405525850714524,0.09772387442210023,0.006225508864463644,0.015772755891834588,0.03479361633179471
15.933333333333334,0.153484439198034,0.09778060824662423,0.006185712460106374,0.015733454735507316,0.034768218710548575
15.966666666666667,0.15291529704788934,0.09783644292305563,0.0061462492872948055,0.01569426968945817,0.03474269466412748
16.0,0.15234782481989323,0.09789138378890033,0.006107117764878091,0.01565520138143221,0.034717048807246666
16.033333333333335,0.151782015452171,0.09794543623938713,0.006068316266297354,0.015616250418020576,0.0346912856587981
16.066666666666666,0.1512178620639584,0.09799860572481384,0.006029843121585209,0.01557741738362314,0.03466540964213002
16.1,0.15065535796144547,0.09805089774781252,0.005991696619311814,0.01553870283946673,0.03463942508536843
16.133333333333333,0.15009449664326055,0.09810231786071798,0.005953875008477268,0.015500107322675056,0.03461333622177892
16.166666666666668,0.14953527180577594,0.09815287166294276,0.005916376500352331,0.015461631345396637,0.034587147190167686
16.2,0.14897767734781842,0.09820256479841939,0.005879199270266834,0.01542327539398775,0.03456086203532042
16.233333333333334,0.14842170737529758,0.09825140295304706,0.005842341459347533,0.015385039928252811,0.03453448470847792
16.266666666666666,0.14786735620538108,0.09829939185222708,0.005805801176206301,0.015346925380742294,0.0345080190678474
16.3,0.14731461837035326,0.09834653725834887,0.005769576498579021,0.015308932156109492,0.03448146887914812
16.333333333333332,0.14676348862116395,0.09839284496842066,0.005733665474916707,0.015271060630524937,0.03445483781619066
16.366666666666667,0.14621396193061642,0.09843832081167614,0.005698066125930024,0.015233311151151271,0.034428129461488544
16.4,0.14566603349628654,0.09848297064720253,0.005662776446087519,0.015195684035674173,0.034401347306901475
16.433333333333334,0.14511969874305755,0.09852680036167054,0.005627794405069557,0.015158179571894756,0.03437449475430902
16.466666666666665,0.14457495332533854,0.09856981586705825,0.0055931179491788595,0.01512079801737873,0.03434757511631408
16.5,0.144031793128994,0.09861202309839646,0.005558745002708193,0.015083539599165053,0.034320591616975184
16.533333333333335,0.1434902142729514,0.09865342801163815,0.005524673469267448,0.015046404513530311,0.034293547392566744
16.566666666666666,0.1429502131104549,0.09869403658143014,0.005490901233070255,0.015009392925812626,0.03426644549236647
16.6,0.1424117862300322,0.09873385479905258,0.005457426160182023,0.014972504970289919,0.034239288879469226
16.633333333333333,0.14187493045615016,0.09877288867031088,0.005424246099730685,0.014935740750114997,0.034212080431626546
16.666666666666668,0.14133964284956554,0.0988111442135158,0.0053913588850799995,0.014899100337305389,0.03418482294211092
16.7,0.14080592070738687,0.09884862745747565,0.005358762334969001,0.014862583772785263,0.03415751912060434
16.733333333333334,0.14027376156280552,0.0988853444395092,0.005326454254616222,0.014826191066482475,0.034130171594110165
16.766666666666666,0.13974316318457958,0.09892130120355408,0.005294432436791626,0.014789922197474744,0.03410278290788779
16.8,0.13921412357616414,0.09895650379822503,0.005262694662856644,0.01475377711418719,0.034075355526409244
16.833333333333332,0.13868664097466468,0.0989909582750101,0.005231238703773257,0.01471775573463848,0.03404789183433715
16.866666666666667,0.13816071384937847,0.09902467068641355,0.005200062321084081,0.014681857946733563,0.03402039413752328
16.9,0.1376363409002345,0.09905764708419604,0.005169163267863463,0.014646083608604017,0.033992864664027025
16.933333333333334,0.13711352105576396,0.09908989351759602,0.005138539289641361,0.014610432548990086,0.033965305565153196
16.966666666666665,0.13659225347100457,0.09912141603167895,0.005108188125300829,0.014574904567667907,0.033937718916508215
17.0,0.13607253752503254,0.09915222066558114,0.005078107507949911,0.014539499435916946,0.03391010671907441
17.033333333333335,0.1355543728183099,0.09918231345095678,0.005048295165769361,0.014504216897025487,0.03388247090030124
17.066666666666666,0.13503775916973723,0.09921170041030282,0.005018748822836324,0.014469056666835867,0.03385481331521328
17.1,0.1345226966135512,0.09924038755544068,0.004989466199925882,0.014434018434323783,0.03382713574753375
17.133333333333333,0.13400918539591916,0.09926838088597563,0.004960445015290256,0.01439910186221296,0.03379943991082336
17.166666666666668,0.13349722597137512,0.09929568638777828,0.004931682985417535,0.014364306587620277,0.033771727449633394
17.2,0.13298681899901316,0.09932231003156401,0.004903177825769692,0.014329632222733542,0.03374399994067256
17.233333333333334,0.13247796533850567,0.09934825777143806,0.004874927251501442,0.014295078355514957,0.0337162588939868
17.266666666666666,0.13197066604588045,0.09937353554351434,0.004846928978160188,0.014260644550433797,0.033688505754151346
17.3,0.1314649223691935,0.09939814926456929,0.004819180722367859,0.01422633034922123,0.033660741901474264
17.333333333333332,0.13096073574391426,0.09942210483075571,0.004791680202485296,0.014192135271650277,0.03363296865321077
17.366666666666667,0.13045810778827885,0.09944540811625928,0.004764425139259701,0.014158058816335032,0.03360518726478767
17.4,0.12995704029832386,0.09946806497208233,0.004737413256455813,0.014124100461549405,0.033577398931037
17.433333333333334,0.1294575352428961,0.09949008122485663,0.004710642281471345,0.014090259666062312,0.03354960478743822
17.466666666666665,0.12895959475846197,0.09951146267564037,0.004684109945936868,0.014056535869989412,0.033521805911368184
17.5,0.12846322114376993,0.09953221509878454,0.004657813986301018,0.014022928495658152,0.03349400332335812
17.533333333333335,0.1279684168544215,0.09955234424083832,0.0046317521444013505,0.013989436948481936,0.03346619798835684
17.566666666666666,0.12747518449728681,0.09957185581946815,0.004605922168020754,0.013956060617847592,0.03343839081699938
17.6,0.12698352682484568,0.09959075552244039,0.004580321811430544,0.01392279887800845,0.03341058266688036
17.633333333333333,0.12649344672937093,0.09960904900661148,0.004554948835920108,0.013889651088984451,0.03338277434383109
17.666666666666668,0.12600494723708977,0.09962674189695461,0.004529801010313158,0.013856616597467144,0.03335496660320006
17.7,0.1255180315021806,0.0996438397856504,0.004504876111471519,0.013823694737727054,0.03332716015113534
17.733333333333334,0.12503270280077225,0.09966034823119413,0.004480171924786262,0.013790884832522683,0.033299355645868875
17.766666666666666,0.12454896452477823,0.09967627275753611,0.00445568624465624,0.013758186194008603,0.03327155369900124
17.8,0.12406682017579007,0.09969161885320822,0.004431416874954845,0.013725598124642885,0.03324375487678645
17.833333333333332,0.1235862733587927,0.0997063919706442,0.004407361629484231,0.013693119918089405,0.03321595970141587
17.866666666666667,0.12310732777593911,0.09972059752531158,0.004383518332418395,0.013660750860117771,0.03318816865230051
17.9,0.1226299872201892,0.09973424089503963,0.004359884818733622,0.013628490229494025,0.0331603821673508
17.933333333333334,0.12215425556903085,0.09974732741936057,0.004336458934628182,0.013596337298866548,0.033132600644253246
17.966666666666665,0.12168013677807939,0.0997598623987934,0.0043132385379298045,0.013564291335641118,0.03310482444174309
18.0,0.1212076348747292,0.09977185109427916,0.0042902214984920735,0.013532351602847175,0.033077053880872065
18.033333333333335,0.12073675395174706,0.0997832987265679,0.004267405698579401,0.013500517359991734,0.03304928924627086
18.066666666666666,0.12026749816091845,0.09979421047568157,0.00424478903324036,0.01346878786390168,0.03302153078740505
18.1,0.11979987170667868,0.09980459148035732,0.00422236941067003,0.013437162369551631,0.03299377871982421
18.133333333333333,0.1193338788397413,0.09981444683763015,0.00420014475256079,0.013405640130878149,0.032966033226403096
18.166666666666668,0.1188695238507738,0.09982378160229807,0.004178112994441914,0.013374220401577179,0.03293829445857446
18.2,0.1184068110641042,0.09983260078657641,0.004156272086008087,0.013342902435886908,0.03291056253755257
18.233333333333334,0.11794574483145441,0.0998409093596277,0.004134619991436252,0.013311685489350552,0.03288283755554686
18.266666666666666,0.11748632952568723,0.09984871224728972,0.004113154689691533,0.013280568819563394,0.032855119576964936
18.3,0.11702856953469531,0.0998560143316642,0.004091874174821563,0.013249551686899863,0.0328274086396044
18.333333333333332,0.11657246925519385,0.09986282045088148,0.004070776456239934,0.01321863335522072,0.032799704755832645
18.366666666666667,0.11611803308675209,0.0998691353987935,0.004049859558997928,0.013187813092560792,0.032772007913754085
18.4,0.11566526542573473,0.09987496392477517,0.004029121524045116,0.013157090171794773,0.03274431807836426
18.433333333333334,0.11521417065940535,0.09988031073347549,0.004008560408478628,0.013126463871282343,0.03271663519269
18.466666666666665,0.11476475316007903,0.09988518048465997,0.003988174285781112,0.013095933475491803,0.032688959178915296
18.5,0.11431701727937849,0.09988957779306085,0.003967961246047214,0.013065498275600633,0.03266128993949211
18.533333333333335,0.11387096734252898,0.09989350722825979,0.003947919396198892,0.013035157570072795,0.03263362735823577
18.566666666666666,0.11342660764279892,0.09989697331458176,0.003928046860189175,0.013004910665214944,0.0326059713014041
18.6,0.11298394243599745,0.09989998053103162,0.003908341779194684,0.012974756875707292,0.03257832161876017
18.633333333333333,0.11254297593511707,0.09990253331125334,0.0038888023117969127,0.012944695525112824,0.032550678144617894
18.666666666666668,0.11210371230502017,0.09990463604352318,0.0038694266341519337,0.012914725946360435,0.03252304069887007
18.7,0.11166615565728863,0.09990629307075276,0.003850212940148944,0.01288484748220737,0.03249540908799844
18.733333333333334,0.11123031004515598,0.09990750869052202,0.00383115944155756,0.012855059485674412,0.03246778310606541
18.766666666666666,0.1107961794585615,0.0999082871551364,0.003812264368163853,0.012825361320459468,0.03244016253568682
18.8,0.11036376781933387,0.09990863267174317,0.003793525967895006,0.012795752361326802,0.032412547148985636
18.833333333333332,0.10993307897646937,0.09990854940237967,0.0037749425069331754,0.012766231994470623,0.03238493670852605
18.866666666666667,0.10950411670158286,0.09990804146416367,0.003756512269817976,0.01273679961785748,0.032357330968227634
18.9,0.1090768846844178,0.09990711292940743,0.003738233559537907,0.012707454641542297,0.03232972967425939
18.933333333333334,0.10865138652854994,0.09990576782579637,0.0037201046976111794,0.012678196487962853,0.03230213256591327
18.966666666666665,0.10822762574718268,0.09990401013658899,0.0037021240241552596,0.012649024592209871,0.03227453937645696
19.0,0.10780560575909512,0.09990184380082179,0.003684289897946022,0.012619938402273476,0.03224694983396563
19.033333333333335,0.10738532988471863,0.09989927271356976,0.0036666006964659655,0.01259093737926799,0.03221936366213258
19.066666666666666,0.10696680134233426,0.09989630072614297,0.0036490548159421425,0.012562020997633162,0.0321917805810584
19.1,0.10655002324444167,0.09989293164641684,0.0036316506713733286,0.012533188745312613,0.032164200308018635
19.133333333333333,0.10613499859424642,0.09988916923907382,0.0036143866965473066,0.012504440123911687,0.03213662255820974
19.166666666666668,0.10572173028227572,0.0998850172259305,0.003597261344047783,0.012475774648832217,0.03210904704547316
19.2,0.1053102210831672,0.09988047928625171,0.0035802730852512407,0.012447191849387279,0.032081473482997565
19.233333333333334,0.1049004736525569,0.09987555905707893,0.0035634204103142,0.012418691268893545,0.03205390158399903
19.266666666666666,0.10449249052415453,0.09987026013358992,0.0035467018281505535,0.012390272464744825,0.03202633106237919
19.3,0.10408627410691208,0.09986458606945098,0.0035301158663997023,0.012361935008464353,0.03199876163336138
19.333333333333332,0.10368182668239559,0.09985854037720253,0.0035136610713850775,0.01233367848573856,0.03197119301410453
19.366666666666667,0.10327915040222138,0.09985212652864647,0.0034973360080637777,0.01230550249643066,0.03194362492429521
19.4,0.10287824728570366,0.09984534795524663,0.003481139259967224,0.012277406654577492,0.03191605708671745
19.433333333333334,0.10247911921759986,0.09983820804854486,0.003465069429133015,0.012249390588365909,0.031888489227800715
19.466666666666665,0.10208176794600242,0.09983071016058521,0.0034491251360286353,0.012221453940094029,0.0318609210781459
19.5,0.10168619508040631,0.09982285760431932,0.003433305019466299,0.012193596366113894,0.03183335237302959
19.533333333333335,0.1012924020898505,0.09981465365410189,0.003417607736510294,0.012165817536758383,0.031805782852886585
19.566666666666666,0.10090039030125783,0.09980610154610395,0.0034020319623763447,0.012138117136252537,0.03177821226377088
19.6,0.1005101608978655,0.09979720447877308,0.0033865763903232135,0.012110494862608968,0.03175064035779531
19.633333333333333,0.10012171491782014,0.09978796561332774,0.003371239731537264,0.01208295042750835,0.031723066893549895
19.666666666666668,0.0997350532529065,0.09977838807418671,0.003356020715009632,0.01205548355616763,0.03169549163649923
19.7,0.09935017664737184,0.09976847494950389,0.0033409180874068647,0.012028093987191384,0.03166791435935891
19.733333333333334,0.09896708569693392,0.09975822929159721,0.0033259306129347615,0.01200078147241338,0.031640334842451594
19.766666666666666,0.09858578084786589,0.09974765411749117,0.003311057073195868,0.011973545776723384,0.031612752874042443
19.8,0.09820626239623864,0.09973675240937407,0.0032962962670410574,0.011946386677884216,0.0315851682506546
19.833333333333332,0.09782853048729194,0.09972552711510299,0.0032816470104151817,0.011919303966334994,0.03155758077736477
19.866666666666667,0.09745258511490923,0.09971398114871988,0.003267108136197273,0.011892297444986029,0.031529990268079316
19.9,0.09707842612121308,0.09970211739095933,0.0032526784940353245,0.01186536692900235,0.03150239654579092
19.933333333333334,0.09670605319630068,0.09968993868973366,0.00323835695017601,0.011838512245577993,0.03147479944281642
19.966666666666665,0.09633546587805457,0.09967744786064381,0.0032241423872900717,0.011811733233700989,0.031447198801016006
20.0,0.09596666355212537,0.09966464768752023,0.0032100337042926174,0.011785029743910453,0.031419594471993974
20.033333333333335,0.09559964545197301,0.09965154092289463,0.0031960298161595895,0.011758401638045613,0.03139198631728162
20.066666666666666,0.09523441065904437,0.09963813028852958,0.003182129653740159,0.011731848788987451,0.031364374208502487
20.1,0.09487095810303452,0.09962441847593435,0.003168332163565399,0.01170537108039287,0.03133675802752024
20.133333333333333,0.09450928656228354,0.09961040814684323,0.003154636307653637,0.011678968406424274,0.03130913766656983
20.166666666666668,0.09414939466425061,0.09959610193377076,0.003141041063312387,0.011652640671471684,0.0312815130283719
20.2,0.09379128088608932,0.09958150244047144,0.0031275454229375463,0.011626387789871049,0.031253884026231304
20.233333333333334,0.0934349435553205,0.09956661224249891,0.003114148393810054,0.011600209685616644,0.031226250584119552
20.266666666666666,0.09308038085060108,0.0995514338876338,0.003100848997889717,0.01157410629206951,0.031198612636742215
20.3,0.09272759080258716,0.099535969896443,0.003087646271607231,0.01154807755166389,0.031170970129591143
20.333333333333332,0.09237657129485678,0.09952022276275643,0.003074539265654142,0.011522123415607493,0.031143323018982205
20.366666666666667,0.0920273200649605,0.09950419495415738,0.0030615270447711695,0.011496243843581253,0.031115671272078888
20.4,0.09167983470551458,0.09948788891246954,0.0030486086875349044,0.011470438803435989,0.031088014866902085
20.433333333333334,0.09133411266539562,0.09947130705423977,0.0030357832861436017,0.011444708270886481,0.03106035379232669
20.466666666666665,0.09099015125100428,0.0994544517712251,0.0030230499462016685,0.011419052229206255,0.031032688048065093
20.5,0.09064794762759994,0.09943732543085852,0.0030104077865035776,0.011393470668918248,0.031005017644638408
20.533333333333335,0.09030749882070706,0.09941993037672409,0.002997855938817147,0.011367963587487753,0.03097734260333541
20.566666666666666,0.08996880171759053,0.09940226892901187,0.0029853935476664554,0.011342530989012636,0.030949662956159998
20.6,0.08963185306879107,0.09938434338500172,0.0029730197701147818,0.01131717288391655,0.03092197874576732
20.633333333333333,0.08929664948973554,0.09936615601947056,0.0029607337755472108,0.01129188928863893,0.03089429002538912
20.666666666666668,0.08896318746238102,0.09934770908517977,0.002948534745454175,0.011266680225329765,0.03086659685874873
20.7,0.08863146333693996,0.09932900481329826,0.002936421873214653,0.011241545721542484,0.030838899319966008
20.733333333333334,0.0883014733336575,0.09931004541382284,0.002924394363880565,0.011216485809930654,0.030811197493452798
20.766666666666666,0.08797321354460416,0.09929083307603878,0.0029124514339618,0.011191500527944254,0.03078349147379921
20.8,0.08764667993557732,0.0992713699688907,0.0029005923112121043,0.01116658991753015,0.030755781365651144
20.833333333333332,0.087321868347985,0.09925165824145406,0.0028888162344162713,0.011141754024834548,0.030728067283579533
20.866666666666667,0.0869987745008171,0.09923170002327861,0.002877122453178593,0.011116992899906543,0.030700349351941637
20.9,0.08667739399263684,0.09921149742483915,0.0028655102277125857,0.011092306596406835,0.030672627704734858
20.933333333333334,0.08635772230361055,0.09919105253789062,0.002853978828632641,0.01106769517131839,0.03064490248544332
20.966666666666665,0.0860397547975894,0.09917036743585818,0.0028425275367470436,0.01104315868466153,0.030617173846877874
21.0,0.08572348672418895,0.09914944417423918,0.002831155642853122,0.011018697199210987,0.03058944195100961
21.033333333333335,0.0854089132209373,0.0991282847909161,0.002819862447534236,0.010994310780218447,0.030561706968797498
21.066666666666666,0.08509602931541231,0.09910689130656704,0.002808647260958901,0.010969999495139581,0.030533969080010378
21.1,0.08478482992745463,0.09908526572500206,0.002797509402682231,0.010945763413362957,0.030506228473043788
21.133333333333333,0.08447530987134316,0.0990634100334907,0.0027864482014494604,0.010921602605945996,0.030478485344731868
21.166666666666668,0.08416746385804129,0.09904132620311906,0.0027754629950021855,0.010897517145354897,0.03045073990015483
21.2,0.083861286497433,0.09901901618911324,0.002764553129886932,0.010873507105208053,0.030422992352442224
21.233333333333334,0.08355677230057967,0.09899648193113518,0.0027537179612662794,0.010849572560025611,0.030395242922572407
21.266666666666666,0.08325391568201058,0.09897372535364225,0.002742956852732929,0.010825713584984574,0.0303674918391686
21.3,0.08295271096199393,0.09895074836614338,0.002732269176126255,0.010801930255677729,0.030339739338291698
21.333333333333332,0.08265315236883108,0.09892755286352531,0.002721654311351816,0.010778222647878677,0.030311985663230404
21.366666666666667,0.0823552340411807,0.09890414072633409,0.002711111646203737,0.010754590837312374,0.030284231064288708
21.4,0.08205895003034717,0.09888051382103917,0.002700640576190014,0.010731034899430655,0.0302564757985713
21.433333333333334,0.08176429430261517,0.09885667400032722,0.0026902405043609696,0.010707554909194056,0.030228720129767007
21.466666666666665,0.08147126074153654,0.09883262310335125,0.0026799108411404266,0.010684150940858303,0.03020096432793067
21.5,0.08117984315027664,0.09880836295601525,0.0026696510041603894,0.010660823067767566,0.030173208669263648
21.533333333333335,0.08089003525391916,0.09878389537118011,0.002659460418098458,0.010637571362152655,0.030145453435893376
21.566666666666666,0.08060183070177858,0.09875922214893196,0.0026493385145187525,0.010614395894935926,0.030117698915652035
21.6,0.08031522306969907,0.0987343450768198,0.0026392847317157284,0.010591296735541081,0.030089945401854758
21.633333333333333,0.08003020586236174,0.09870926593007828,0.002629298514561328,0.010568273951708998,0.03006219319307759
21.666666666666668,0.0797467725156047,0.0986839864718139,0.0026193793143554182,0.010545327609320265,0.03003444259293539
21.7,0.07946491639865762,0.09865850845329634,0.0026095265886793857,0.010522457772223258,0.030006693909859928
21.733333333333334,0.07918463081646644,0.0986328336140556,0.0025997398012528213,0.010499664502066982,0.029978947456878513
21.766666666666666,0.07890590901191046,0.09860696368216976,0.00259001842179381,0.010476947858142325,0.02995120355139314
21.8,0.07862874416808911,0.09858090037441851,0.0025803619258821155,0.01045430789722632,0.02992346251496062
21.833333333333332,0.07835312941053948,0.09855464539647237,0.002570769794825835,0.010431744673434554,0.02989572467307375
21.866666666666667,0.0780790578094514,0.0985282004430631,0.0025612415155311,0.010409258238078591,0.029867990354943686
21.9,0.07780652238189063,0.09850156719815074,0.002551776580375193,0.010386848639529142,0.029840259893283864
21.933333333333334,0.07753551609396005,0.09847474733511571,0.0025423744870827734,0.010364515923085137,0.029812533624095458
21.966666666666665,0.07726603186297237,0.09844774251687555,0.0025330347386051653,0.010342260130848518,0.029784811886454703
22.0,0.07699806255961086,0.09842055439606741,0.0025237568430031025,0.0103200813016058,0.029757095022302144
22.033333333333335,0.076731601010039,0.09839318461519354,0.002514540313332326,0.010297979470712905,0.029729383376234
22.066666666666666,0.07646663999799375,0.09836563480672621,0.00250538466753246,0.010275954669988853,0.029701677295295808
22.1,0.07620317226690435,0.09833790659327897,0.00249628942831893,0.010254006927611983,0.02967397712877843
22.133333333333333,0.07594119052191116,0.09831000158771755,0.002487254123077969,0.010232136268023974,0.029646283228016636
22.166666666666668,0.07568068743192556,0.09828192139328262,0.0024782782837645366,0.010210342711837852,0.02961859594619034
22.2,0.07542165563161297,0.09825366760370674,0.002469361446803278,0.010188626275752455,0.029590915638128535
22.233333333333334,0.07516408772340681,0.09822524180332332,0.0024605031529925537,0.010166986972471164,0.02956324266011624
22.266666666666666,0.07490797627943434,0.09819664556718566,0.0024517029474110936,0.01014542481062667,0.0295355773697043
22.3,0.07465331384347368,0.09816788046113892,0.002442960379327761,0.010123939794711165,0.029507920125522377
22.333333333333332,0.0744000929328448,0.09813894804196431,0.00243427500211401,0.010102531925010068,0.02948027128709505
22.366666666666667,0.07414830604027292,0.09810984985741578,0.0024256463731591013,0.010081201197542359,0.029452631214661178
22.4,0.07389794563576915,0.09808058744633792,0.0024170740537880447,0.010059947604005666,0.02942500026899658
22.433333333333334,0.0736490041684059,0.09805116233874953,0.00240855760918238,0.010038771131725273,0.029397378811240212
22.466666666666665,0.07340147406814906,0.09802157605590797,0.0024000966083032355,0.010017671763607893,0.02936976720272365
22.5,0.07315534774758434,0.0979918301104008,0.002391690623817286,0.0099966494781019,0.02934216580480422
22.533333333333335,0.07291061760366872,0.09796192600618742,0.0023833392320250285,0.009975704249158805,0.02931457497870167
22.566666666666666,0.07266727601942019,0.09793186523869193,0.002375042012791613,0.00995483604620289,0.029286995085338434
22.6,0.07242531536559862,0.09790164929486957,0.002366798549480096,0.009934044834102613,0.029259426485183575
22.633333333333333,0.07218472800233018,0.09787127965321066,0.002358608428886955,0.009913330573147026,0.029231869538100454
22.666666666666668,0.07194550628074048,0.09784075778389709,0.0023504712411799964,0.009892693219026402,0.029204324603198068
22.7,0.0717076425445055,0.09781008514873073,0.0023423865798385245,0.009872132722816949,0.029176792038686204
22.733333333333334,0.07147112913141912,0.09777926320128377,0.002334354041595588,0.00985164903096976,0.02914927220173432
22.766666666666666,0.071235958374906,0.09774829338689421,0.002326373226382525,0.009831242085302103,0.029121765448334214
22.8,0.07100212260551436,0.09771717714272445,0.0023184437372754463,0.009810911822995667,0.029094272133166538
22.833333333333332,0.07076961415234666,0.09768591589778428,0.0023105651804438184,0.00979065817659366,0.029066792609471075
22.866666666666667,0.07053842534452069,0.09765451107298447,0.002302737165101046,0.009770481074006975,0.0290393272289208
22.9,0.07030854851252555,0.09762296408117041,0.0022949593034568977,0.009750380438518723,0.02901187634149986
22.933333333333334,0.0700799759896195,0.09759127632714133,0.002287231210671789,0.009730356188795908,0.028984440295385185
22.966666666666665,0.06985270011313034,0.09755944920769566,0.0022795525048129816,0.009710408238901765,0.028957019436832057
23.0,0.0696267132257821,0.09752748411165425,0.002271922806812445,0.009690536498312852,0.028929614110063347
23.033333333333335,0.06940200767694057,0.09749538241986319,0.002264341740426363,0.00967074087193845,0.028902224657162537
23.066666666666666,0.06917857582388337,0.09746314550526292,0.002256808932196441,0.009651021260142886,0.028874851417970526
23.1,0.06895641003297528,0.09743077473285922,0.0022493240114126465,0.00963137755877082,0.028847494729986094
23.133333333333333,0.06873550268087297,0.09739827145978512,0.0022418866100775807,0.009611809659175382,0.028820154928270093
23.166666666666668,0.06851584615566204,0.09736563703528274,0.0022344963628722772,0.009592317448248353,0.02879283234535331
23.2,0.06829743285798284,0.09733287280075878,0.002227152907123492,0.009572900808453928,0.02876552731114791
23.233333333333334,0.0680802552021175,0.09729998008976312,0.0022198558827724096,0.009553559617863798,0.02873824015286253
23.266666666666666,0.06786430561703626,0.09726696022802041,0.002212604932344377,0.009534293750195138,0.028710971194920932
23.3,0.06764957654747392,0.09723381453343746,0.002205399700920481,0.009515103074850888,0.028683720758884104
23.333333333333332,0.06743606045486386,0.0972005443161316,0.0021982398361097763,0.009495987456961529,0.028656489163375955
23.366666666666667,0.06722374981837402,0.09716715087839925,0.0021911249880230722,0.009476946757430183,0.028629276724012342
23.4,0.06701263713582506,0.09713363551479202,0.002184054809247746,0.00945798083297808,0.02860208375333356
23.433333333333334,0.06680271492459859,0.09709999951204414,0.0021770289548235897,0.009439089536193076,0.02857491056074012
23.466666666666665,0.06659397572254723,0.09706624414913693,0.0021700470822198334,0.009420272715579445,0.02854775745243187
23.5,0.06638641208885712,0.09703237069729483,0.002163108851313013,0.009401530215609234,0.02852062473135035
23.533333333333335,0.06618001660486716,0.09699838041999193,0.0021562139243659637,0.009382861876775742,0.02849351269712429
23.566666666666666,0.0659747818748902,0.09696427457292982,0.0021493619660075684,0.009364267535648289,0.028466421646018363
23.6,0.06577070052699176,0.09693005440407908,0.002142552643213515,0.009345747024927381,0.028439351870884862
23.633333333333333,0.06556776521375064,0.09689572115366671,0.00213578562528779,0.009327300173503264,0.028412303661118587
23.666666666666668,0.06536596861298763,0.09686127605418549,0.0021290605838450564,0.009308926806514056,0.028385277302614552
23.7,0.06516530342847256,0.09682672033038664,0.002122377192793679,0.009290626745405473,0.028358273077728723
23.733333333333334,0.06496576239060634,0.09679205519930993,0.002115735128319594,0.009272399807992094,0.028331291265241535
23.766666666666666,0.06476733825707416,0.09675728187024622,0.00210913406887069,0.009254245808519145,0.028304332140324268
23.8,0.06457002381348284,0.09672240154478152,0.002102573695142132,0.009236164557725614,0.02827739597450814
23.833333333333332,0.06437381187396779,0.09668741541676681,0.002096053690061835,0.00921815586290767,0.02825048303565608
23.866666666666667,0.06417869528177989,0.09665232467235205,0.0020895737387770447,0.009200219527983942,0.028223593587937135
23.9,0.06398466690984538,0.09661713048998045,0.0020831335286410043,0.00918235535356,0.02819672789180342
23.933333333333334,0.06379171966131457,0.0965818340403592,0.0020767327492004764,0.00916456313699527,0.028169886203969607
23.966666666666665,0.06359984647006578,0.09654643648650367,0.0020703710921835326,0.009146842672468795,0.02814306877739481
24.0,0.06340904030121973,0.09651093898374215,0.002064048251487891,0.009129193751046878,0.02811627586126687
